snapshot_month,accounts,total_balance,beginning_delinquent_stock,new_delinquency_inflow,cures,new_defaults_from_delinquency,delinquent_closures,other_migration_net,calculated_ending_delinquent_stock,ending_delinquent_stock,bridge_difference,dpd_30_plus_accounts,dpd_30_plus,dpd_60_plus,dpd_90_plus,default_stock_accounts,default_stock_rate,new_default_flow_accounts,new_default_flow_rate,closed_stock_rate,term_36_accounts,term_60_accounts,prior_dpd_30_plus,change_dpd_30_plus,prior_dpd_60_plus,change_dpd_60_plus,prior_dpd_90_plus,change_dpd_90_plus,prior_default_stock_rate,change_default_stock_rate,prior_new_default_flow_rate,change_new_default_flow_rate,prior_ending_delinquent_stock,change_ending_delinquent_stock,data_layer,data_status,source_project,source_version,claim_boundary,as_of_period
2014-01,725,10663662.5,0,7,0,0,0,0,7,7,0,0,0.0,0.0,0.0,0,0.0,0,0.0,0.0,513,212,,,,,,,,,,,,,Synthetic,Synthetic,P2,Project2_CreditPortfolioMonitoring_GoldCandidate_v2_1_4,Reconciled synthetic delinquency stock-flow bridge; not observed servicing,2014-01
2014-02,1442,20719645.833333336,7,27,2,0,0,0,32,32,0,1,0.0006934812760055479,0.0,0.0,0,0.0,0,0.0,0.0,1000,442,0.0,0.0006934812760055479,0.0,0.0,0.0,0.0,0.0,0.0,0.0,0.0,7.0,25.0,Synthetic,Synthetic,P2,Project2_CreditPortfolioMonitoring_GoldCandidate_v2_1_4,Reconciled synthetic delinquency stock-flow bridge; not observed servicing,2014-02
2014-03,2178,31048162.486111112,32,40,9,0,0,0,63,63,0,7,0.0032139577594123047,0.0,0.0,0,0.0,0,0.0,0.0,1517,661,0.0006934812760055479,0.0025204764834067567,0.0,0.0,0.0,0.0,0.0,0.0,0.0,0.0,32.0,31.0,Synthetic,Synthetic,P2,Project2_CreditPortfolioMonitoring_GoldCandidate_v2_1_4,Reconciled synthetic delinquency stock-flow bridge; not observed servicing,2014-03
2014-04,3031,41986919.42361111,63,50,12,0,0,0,101,101,0,23,0.007588254701418674,0.0003299241174529858,0.0,0,0.0,0,0.0,0.0,2139,892,0.0032139577594123047,0.004374296942006369,0.0,0.0003299241174529858,0.0,0.0,0.0,0.0,0.0,0.0,63.0,38.0,Synthetic,Synthetic,P2,Project2_CreditPortfolioMonitoring_GoldCandidate_v2_1_4,Reconciled synthetic delinquency stock-flow bridge; not observed servicing,2014-04
2014-05,3896,53222117.29861111,101,52,24,0,0,0,129,129,0,47,0.012063655030800821,0.002053388090349076,0.0002566735112936345,0,0.0,0,0.0,0.0,2751,1145,0.007588254701418674,0.0044754003293821475,0.0003299241174529858,0.0017234639728960902,0.0,0.0002566735112936345,0.0,0.0,0.0,0.0,101.0,28.0,Synthetic,Synthetic,P2,Project2_CreditPortfolioMonitoring_GoldCandidate_v2_1_4,Reconciled synthetic delinquency stock-flow bridge; not observed servicing,2014-05
2014-06,4649,62752198.1875,129,59,26,0,0,0,162,162,0,60,0.01290600129060013,0.003871800387180039,0.00043020004302000433,0,0.0,0,0.0,0.0,3282,1367,0.012063655030800821,0.0008423462597993078,0.002053388090349076,0.0018184122968309627,0.0002566735112936345,0.00017352653172636982,0.0,0.0,0.0,0.0,129.0,33.0,Synthetic,Synthetic,P2,Project2_CreditPortfolioMonitoring_GoldCandidate_v2_1_4,Reconciled synthetic delinquency stock-flow bridge; not observed servicing,2014-06
2014-07,5974,80048100.77083333,162,95,37,1,0,0,219,219,0,84,0.014060930699698694,0.005691329092735186,0.0013391362571141614,1,0.00016739203213927018,1,0.00016739203213927018,0.0,4222,1752,0.01290600129060013,0.0011549294090985648,0.003871800387180039,0.0018195287055551472,0.00043020004302000433,0.0009089362140941571,0.0,0.00016739203213927018,0.0,0.00016739203213927018,162.0,57.0,Synthetic,Synthetic,P2,Project2_CreditPortfolioMonitoring_GoldCandidate_v2_1_4,Reconciled synthetic delinquency stock-flow bridge; not observed servicing,2014-07
2014-08,6813,90060621.97916666,219,119,39,3,0,0,296,296,0,117,0.017173051519154558,0.007338910905621606,0.0023484514897989138,4,0.0005871128724497284,3,0.00044039929536112744,0.0,4791,2022,0.014060930699698694,0.0031121208194558637,0.005691329092735186,0.00164758181288642,0.0013391362571141614,0.0010093152326847523,0.00016739203213927018,0.00041972084031045826,0.00016739203213927018,0.00027300726322185726,219.0,77.0,Synthetic,Synthetic,P2,Project2_CreditPortfolioMonitoring_GoldCandidate_v2_1_4,Reconciled synthetic delinquency stock-flow bridge; not observed servicing,2014-08
2014-09,7294,94623715.6388889,296,120,64,7,0,0,345,345,0,157,0.021524540718398683,0.009185632026323005,0.0028790786948176585,11,0.001508088840142583,7,0.0009602194787379973,0.0,5131,2163,0.017173051519154558,0.004351489199244125,0.007338910905621606,0.0018467211207013993,0.0023484514897989138,0.0005306272050187447,0.0005871128724497284,0.0009209759676928545,0.00044039929536112744,0.0005198201833768698,296.0,49.0,Synthetic,Synthetic,P2,Project2_CreditPortfolioMonitoring_GoldCandidate_v2_1_4,Reconciled synthetic delinquency stock-flow bridge; not observed servicing,2014-09
2014-10,8960,115467620.77083334,345,143,48,5,0,0,435,435,0,210,0.0234375,0.010714285714285714,0.003236607142857143,16,0.0017857142857142857,5,0.0005587216448765225,0.0,6270,2690,0.021524540718398683,0.0019129592816013175,0.009185632026323005,0.001528653687962709,0.0028790786948176585,0.0003575284480394846,0.001508088840142583,0.0002776254455717027,0.0009602194787379973,-0.0004014978338614748,345.0,90.0,Synthetic,Synthetic,P2,Project2_CreditPortfolioMonitoring_GoldCandidate_v2_1_4,Reconciled synthetic delinquency stock-flow bridge; not observed servicing,2014-10
2014-11,10009,127112560.5,435,173,74,5,0,0,529,529,0,256,0.02557698071735438,0.012888400439604356,0.004995504046358278,21,0.0020981116994704765,5,0.0005003502451716201,0.0,6992,3017,0.0234375,0.00213948071735438,0.010714285714285714,0.0021741147253186415,0.003236607142857143,0.0017588969035011348,0.0017857142857142857,0.00031239741375619083,0.0005587216448765225,-5.837139970490241e-05,435.0,94.0,Synthetic,Synthetic,P2,Project2_CreditPortfolioMonitoring_GoldCandidate_v2_1_4,Reconciled synthetic delinquency stock-flow bridge; not observed servicing,2014-11
2014-12,10447,129658107.0,529,148,110,11,0,0,556,556,0,319,0.030535081841677036,0.015219680290992629,0.00622188187996554,32,0.0030630803101368816,11,0.0010550546710147708,0.0,7287,3160,0.02557698071735438,0.004958101124322656,0.012888400439604356,0.0023312798513882727,0.004995504046358278,0.001226377833607262,0.0020981116994704765,0.0009649686106664051,0.0005003502451716201,0.0005547044258431507,529.0,27.0,Synthetic,Synthetic,P2,Project2_CreditPortfolioMonitoring_GoldCandidate_v2_1_4,Reconciled synthetic delinquency stock-flow bridge; not observed servicing,2014-12
2015-01,11971,148082107.44444442,556,178,105,14,0,0,615,615,0,375,0.031325703784145016,0.016205830757664356,0.007016957647648484,46,0.0038426196641884553,14,0.0011726275232431527,0.0,8359,3612,0.030535081841677036,0.0007906219424679804,0.015219680290992629,0.0009861504666717272,0.00622188187996554,0.0007950757676829442,0.0030630803101368816,0.0007795393540515737,0.0010550546710147708,0.00011757285222838186,556.0,59.0,Synthetic,Synthetic,P2,Project2_CreditPortfolioMonitoring_GoldCandidate_v2_1_4,Reconciled synthetic delinquency stock-flow bridge; not observed servicing,2015-01
2015-02,13025,159442632.3541667,615,220,108,15,0,0,712,712,0,431,0.03309021113243762,0.019500959692898272,0.008138195777351248,61,0.004683301343570058,15,0.001155713074967255,0.0,9092,3933,0.031325703784145016,0.0017645073482926016,0.016205830757664356,0.003295128935233916,0.007016957647648484,0.0011212381297027642,0.0038426196641884553,0.0008406816793816024,0.0011726275232431527,-1.6914448275897774e-05,615.0,97.0,Synthetic,Synthetic,P2,Project2_CreditPortfolioMonitoring_GoldCandidate_v2_1_4,Reconciled synthetic delinquency stock-flow bridge; not observed servicing,2015-02
2015-03,14074,169396705.9236111,712,195,119,26,0,0,762,762,0,489,0.03474491971010374,0.021386954668182464,0.010373738809151626,87,0.0061816114821656954,26,0.0018554199671733391,0.0,9827,4247,0.03309021113243762,0.001654708577666121,0.019500959692898272,0.0018859949752841922,0.008138195777351248,0.002235543031800378,0.004683301343570058,0.0014983101385956377,0.001155713074967255,0.0006997068922060842,712.0,50.0,Synthetic,Synthetic,P2,Project2_CreditPortfolioMonitoring_GoldCandidate_v2_1_4,Reconciled synthetic delinquency stock-flow bridge; not observed servicing,2015-03
2015-04,15575,186052461.5625,762,239,123,26,0,0,852,852,0,550,0.03531300160513644,0.022536115569823434,0.011621187800963082,113,0.00725521669341894,26,0.0016787190082644629,0.0,10876,4699,0.03474491971010374,0.0005680818950326988,0.021386954668182464,0.00114916090164097,0.010373738809151626,0.0012474489918114558,0.0061816114821656954,0.001073605211253245,0.0018554199671733391,-0.00017670095890887625,762.0,90.0,Synthetic,Synthetic,P2,Project2_CreditPortfolioMonitoring_GoldCandidate_v2_1_4,Reconciled synthetic delinquency stock-flow bridge; not observed servicing,2015-04
2015-05,16916,200041299.5902778,852,228,133,34,0,0,913,913,0,643,0.038011350200993145,0.023882714589737526,0.01276897611728541,147,0.008689997635374792,34,0.002023448193774921,0.0,11825,5091,0.03531300160513644,0.0026983485958567074,0.022536115569823434,0.0013465990199140916,0.011621187800963082,0.001147788316322328,0.00725521669341894,0.001434780941955852,0.0016787190082644629,0.00034472918551045834,852.0,61.0,Synthetic,Synthetic,P2,Project2_CreditPortfolioMonitoring_GoldCandidate_v2_1_4,Reconciled synthetic delinquency stock-flow bridge; not observed servicing,2015-05
2015-06,18100,210537667.66666666,913,274,143,32,0,0,1012,1012,0,742,0.040994475138121544,0.026353591160220995,0.014033149171270718,179,0.00988950276243094,32,0.001782431905531109,0.0,12650,5450,0.038011350200993145,0.0029831249371283994,0.023882714589737526,0.00247087657048347,0.01276897611728541,0.001264173053985308,0.008689997635374792,0.0011995051270561469,0.002023448193774921,-0.0002410162882438122,913.0,99.0,Synthetic,Synthetic,P2,Project2_CreditPortfolioMonitoring_GoldCandidate_v2_1_4,Reconciled synthetic delinquency stock-flow bridge; not observed servicing,2015-06
2015-07,20060,232003651.8472222,1012,282,145,25,0,0,1124,1124,0,849,0.04232303090727817,0.0273678963110668,0.014506480558325026,204,0.010169491525423728,25,0.0012574820180071425,0.0,14014,6046,0.040994475138121544,0.0013285557691566224,0.026353591160220995,0.0010143051508458047,0.014033149171270718,0.00047333138705430745,0.00988950276243094,0.00027998876299278885,0.001782431905531109,-0.0005249498875239665,1012.0,112.0,Synthetic,Synthetic,P2,Project2_CreditPortfolioMonitoring_GoldCandidate_v2_1_4,Reconciled synthetic delinquency stock-flow bridge; not observed servicing,2015-07
2015-08,21614,247361813.24305558,1124,356,147,39,0,0,1294,1294,0,946,0.04376792819468863,0.028453779957434994,0.016008142870361803,243,0.011242713056352363,39,0.0018215787015413358,0.0,15124,6490,0.04232303090727817,0.001444897287410464,0.0273678963110668,0.0010858836463681944,0.014506480558325026,0.0015016623120367775,0.010169491525423728,0.0010732215309286353,0.0012574820180071425,0.0005640966835341933,1124.0,170.0,Synthetic,Synthetic,P2,Project2_CreditPortfolioMonitoring_GoldCandidate_v2_1_4,Reconciled synthetic delinquency stock-flow bridge; not observed servicing,2015-08
2015-09,22792,256679299.19444448,1294,330,191,57,0,0,1376,1376,0,1082,0.04747279747279747,0.030975780975780975,0.017944892944892946,300,0.013162513162513163,57,0.002527828285068074,0.0,15947,6845,0.04376792819468863,0.003704869278108841,0.028453779957434994,0.0025220010183459804,0.016008142870361803,0.0019367500745311426,0.011242713056352363,0.0019198001061608,0.0018215787015413358,0.0007062495835267382,1294.0,82.0,Synthetic,Synthetic,P2,Project2_CreditPortfolioMonitoring_GoldCandidate_v2_1_4,Reconciled synthetic delinquency stock-flow bridge; not observed servicing,2015-09
2015-10,24735,276185311.2013889,1376,374,211,51,0,0,1488,1488,0,1188,0.04802910855063675,0.032585405296139076,0.01879927228623408,351,0.014190418435415403,51,0.002087170042971148,0.0,17296,7439,0.04747279747279747,0.0005563110778392805,0.030975780975780975,0.0016096243203581016,0.017944892944892946,0.0008543793413411348,0.013162513162513163,0.0010279052729022398,0.002527828285068074,-0.00044065824209692586,1376.0,112.0,Synthetic,Synthetic,P2,Project2_CreditPortfolioMonitoring_GoldCandidate_v2_1_4,Reconciled synthetic delinquency stock-flow bridge; not observed servicing,2015-10
2015-11,26308,289852123.9027778,1488,445,226,63,0,0,1644,1644,0,1314,0.04994678424813745,0.03447620495666717,0.020678120723734227,414,0.01573665805078303,63,0.0024270909581230495,0.0,18380,7928,0.04802910855063675,0.0019176756975006967,0.032585405296139076,0.001890799660528096,0.01879927228623408,0.0018788484375001462,0.014190418435415403,0.001546239615367628,0.002087170042971148,0.0003399209151519014,1488.0,156.0,Synthetic,Synthetic,P2,Project2_CreditPortfolioMonitoring_GoldCandidate_v2_1_4,Reconciled synthetic delinquency stock-flow bridge; not observed servicing,2015-11
2015-12,28204,307234008.42361116,1644,414,261,61,0,0,1736,1736,0,1454,0.05155297120975748,0.035491419656786274,0.02230180116295561,475,0.01684158275421926,61,0.002195034184958618,0.0,19684,8520,0.04994678424813745,0.0016061869616200292,0.03447620495666717,0.001015214700119102,0.020678120723734227,0.0016236804392213838,0.01573665805078303,0.0011049247034362296,0.0024270909581230495,-0.00023205677316443137,1644.0,92.0,Synthetic,Synthetic,P2,Project2_CreditPortfolioMonitoring_GoldCandidate_v2_1_4,Reconciled synthetic delinquency stock-flow bridge; not observed servicing,2015-12
2016-01,29566,318150778.4861111,1736,461,280,73,0,0,1844,1844,0,1597,0.05401474666847054,0.03788135019955354,0.024419941825069336,548,0.01853480349049584,73,0.0025093671582276304,0.0,20664,8902,0.05155297120975748,0.00246177545871306,0.035491419656786274,0.002389930542767267,0.02230180116295561,0.002118140662113726,0.01684158275421926,0.0016932207362765801,0.002195034184958618,0.0003143329732690123,1736.0,108.0,Synthetic,Synthetic,P2,Project2_CreditPortfolioMonitoring_GoldCandidate_v2_1_4,Reconciled synthetic delinquency stock-flow bridge; not observed servicing,2016-01
2016-02,31197,331665670.9444445,1844,509,266,91,0,0,1996,1996,0,1765,0.0565759528159759,0.03904221559765362,0.02570760008975222,639,0.02048273872487739,91,0.002969101765147313,0.0,21804,9393,0.05401474666847054,0.0025612061475053585,0.03788135019955354,0.0011608653981000777,0.024419941825069336,0.0012876582646828838,0.01853480349049584,0.0019479352343815502,0.0025093671582276304,0.00045973460691968275,1844.0,152.0,Synthetic,Synthetic,P2,Project2_CreditPortfolioMonitoring_GoldCandidate_v2_1_4,Reconciled synthetic delinquency stock-flow bridge; not observed servicing,2016-02
2016-03,33485,354007967.6666667,1996,477,302,85,0,0,2086,2086,0,1971,0.05886217709422129,0.040525608481409583,0.027743765865312825,724,0.021621621621621623,85,0.002587834135054497,0.0,23409,10076,0.0565759528159759,0.0022862242782453954,0.03904221559765362,0.0014833928837559643,0.02570760008975222,0.002036165775560605,0.02048273872487739,0.0011388828967442317,0.002969101765147313,-0.00038126763009281627,1996.0,90.0,Synthetic,Synthetic,P2,Project2_CreditPortfolioMonitoring_GoldCandidate_v2_1_4,Reconciled synthetic delinquency stock-flow bridge; not observed servicing,2016-03
2016-04,34605,357516733.3125,2086,527,302,95,0,0,2216,2216,0,2132,0.061609593989307904,0.044415546886288106,0.029070943505273804,819,0.02366710013003901,95,0.0028039314069832648,0.0,24201,10404,0.05886217709422129,0.0027474168950866115,0.040525608481409583,0.003889938404878522,0.027743765865312825,0.0013271776399609789,0.021621621621621623,0.002045478508417388,0.002587834135054497,0.00021609727192876786,2086.0,130.0,Synthetic,Synthetic,P2,Project2_CreditPortfolioMonitoring_GoldCandidate_v2_1_4,Reconciled synthetic delinquency stock-flow bridge; not observed servicing,2016-04
2016-05,35479,358412677.1527778,2216,529,339,102,0,0,2304,2304,0,2326,0.06555990867837312,0.04763381155049466,0.032526283153414694,921,0.02595901801065419,102,0.0029428736295441433,0.0,24810,10669,0.061609593989307904,0.003950314689065218,0.044415546886288106,0.0032182646642065563,0.029070943505273804,0.00345533964814089,0.02366710013003901,0.002291917880615179,0.0028039314069832648,0.00013894222256087855,2216.0,88.0,Synthetic,Synthetic,P2,Project2_CreditPortfolioMonitoring_GoldCandidate_v2_1_4,Reconciled synthetic delinquency stock-flow bridge; not observed servicing,2016-05
2016-06,36438,359816315.6111111,2304,532,291,118,0,0,2427,2427,0,2520,0.06915857072287172,0.050826060705856525,0.03471650474779077,1039,0.028514188484549098,118,0.0033223526761832363,0.0,25462,10976,0.06555990867837312,0.0035986620444986017,0.04763381155049466,0.0031922491553618634,0.032526283153414694,0.0021902215943760753,0.02595901801065419,0.0025551704738949084,0.0029428736295441433,0.00037947904663909304,2304.0,123.0,Synthetic,Synthetic,P2,Project2_CreditPortfolioMonitoring_GoldCandidate_v2_1_4,Reconciled synthetic delinquency stock-flow bridge; not observed servicing,2016-06
2016-07,37510,362238971.5347222,2427,537,346,113,0,0,2505,2505,0,2711,0.07227406025059983,0.05401226339642762,0.03777659290855772,1152,0.030711810183950947,113,0.0030983521153793423,0.0,26208,11302,0.06915857072287172,0.0031154895277281103,0.050826060705856525,0.0031862026905710925,0.03471650474779077,0.003060088160766951,0.028514188484549098,0.0021976216994018492,0.0033223526761832363,-0.00022400056080389402,2427.0,78.0,Synthetic,Synthetic,P2,Project2_CreditPortfolioMonitoring_GoldCandidate_v2_1_4,Reconciled synthetic delinquency stock-flow bridge; not observed servicing,2016-07
2016-08,38525,363319936.2777778,2505,585,313,129,0,0,2648,2648,0,2919,0.07576898118105127,0.05674237508111616,0.0390914990266061,1281,0.03325113562621674,129,0.003451689722526958,0.0,26914,11611,0.07227406025059983,0.0034949209304514367,0.05401226339642762,0.0027301116846885423,0.03777659290855772,0.0013149061180483812,0.030711810183950947,0.002539325442265792,0.0030983521153793423,0.0003533376071476156,2505.0,143.0,Synthetic,Synthetic,P2,Project2_CreditPortfolioMonitoring_GoldCandidate_v2_1_4,Reconciled synthetic delinquency stock-flow bridge; not observed servicing,2016-08
2016-09,39345,361680874.8819445,2648,536,356,104,0,0,2724,2724,0,3123,0.0793747617232177,0.05944846867454569,0.042775447960350745,1385,0.035201423306646336,104,0.00273224043715847,0.0,27495,11850,0.07576898118105127,0.0036057805421664257,0.05674237508111616,0.0027060935934295274,0.0390914990266061,0.0036839489337446435,0.03325113562621674,0.0019502876804295965,0.003451689722526958,-0.000719449285368488,2648.0,76.0,Synthetic,Synthetic,P2,Project2_CreditPortfolioMonitoring_GoldCandidate_v2_1_4,Reconciled synthetic delinquency stock-flow bridge; not observed servicing,2016-09
2016-10,40167,359707380.2013889,2724,570,356,139,0,0,2799,2799,0,3311,0.08243085119625564,0.062464211915253816,0.04521124306022357,1524,0.037941593845694226,139,0.0035841369707596306,0.0,28076,12091,0.0793747617232177,0.00305608947303794,0.05944846867454569,0.0030157432407081283,0.042775447960350745,0.002435795099872823,0.035201423306646336,0.0027401705390478898,0.00273224043715847,0.0008518965336011606,2724.0,75.0,Synthetic,Synthetic,P2,Project2_CreditPortfolioMonitoring_GoldCandidate_v2_1_4,Reconciled synthetic delinquency stock-flow bridge; not observed servicing,2016-10
2016-11,41079,359087134.8194445,2799,610,382,127,0,0,2900,2900,0,3481,0.08473916112855717,0.06592176051023638,0.04693395652279753,1651,0.04019085177341221,127,0.003210719251674883,0.0,28731,12348,0.08243085119625564,0.002308309932301536,0.062464211915253816,0.003457548594982561,0.04521124306022357,0.001722713462573966,0.037941593845694226,0.0022492579277179833,0.0035841369707596306,-0.0003734177190847475,2799.0,101.0,Synthetic,Synthetic,P2,Project2_CreditPortfolioMonitoring_GoldCandidate_v2_1_4,Reconciled synthetic delinquency stock-flow bridge; not observed servicing,2016-11
2016-12,41998,357449704.98611116,2900,642,397,130,4,0,3011,3011,0,3678,0.0875755988380399,0.06864612600600029,0.05009762369636649,1781,0.04240678127529882,130,0.0032220487272907527,0.009381399114243535,29397,12601,0.08473916112855717,0.0028364377094827337,0.06592176051023638,0.0027243654957639085,0.04693395652279753,0.0031636671735689598,0.04019085177341221,0.002215929501886614,0.003210719251674883,1.1329475615869632e-05,2900.0,111.0,Synthetic,Synthetic,P2,Project2_CreditPortfolioMonitoring_GoldCandidate_v2_1_4,Reconciled synthetic delinquency stock-flow bridge; not observed servicing,2016-12
2017-01,42030,352623138.2291667,2960,616,406,148,2,0,3020,3020,0,3784,0.0900309302878896,0.07021175350939805,0.05253390435403284,1864,0.04434927432786105,148,0.0036711812273651835,0.00873185819652629,29423,12607,0.0875755988380399,0.0024553314498496903,0.06864612600600029,0.001565627503397768,0.05009762369636649,0.002436280657666344,0.04240678127529882,0.0019424930525622289,0.0032220487272907527,0.00044913250007443074,3011.0,9.0,Synthetic,Synthetic,P2,Project2_CreditPortfolioMonitoring_GoldCandidate_v2_1_4,Reconciled synthetic delinquency stock-flow bridge; not observed servicing,2017-01
2017-02,41951,347193963.2430556,2971,591,389,149,2,0,3022,3022,0,3888,0.09267955471860027,0.07301375414173679,0.0535386522371338,1936,0.046149078687039644,149,0.003709789861567573,0.009368072274796786,29389,12562,0.0900309302878896,0.0026486244307106777,0.07021175350939805,0.002802000632338736,0.05253390435403284,0.0010047478831009607,0.04434927432786105,0.0017998043591785917,0.0036711812273651835,3.8608634202389695e-05,3020.0,2.0,Synthetic,Synthetic,P2,Project2_CreditPortfolioMonitoring_GoldCandidate_v2_1_4,Reconciled synthetic delinquency stock-flow bridge; not observed servicing,2017-02
2017-03,42034,343477069.3055556,2983,593,400,151,3,0,3022,3022,0,3943,0.09380501498786696,0.07467764190893086,0.05583575201027739,2004,0.047675691107198936,151,0.0037579950722978523,0.011347956416234477,29440,12594,0.09267955471860027,0.001125460269266687,0.07301375414173679,0.001663887767194075,0.0535386522371338,0.0022970997731435946,0.046149078687039644,0.0015266124201592929,0.003709789861567573,4.8205210730279096e-05,3022.0,0.0,Synthetic,Synthetic,P2,Project2_CreditPortfolioMonitoring_GoldCandidate_v2_1_4,Reconciled synthetic delinquency stock-flow bridge; not observed servicing,2017-03
2017-04,41808,336831878.125,2969,627,385,166,3,0,3042,3042,0,4023,0.0962256027554535,0.07630118637581323,0.05752487562189055,2084,0.04984691924990432,166,0.00416144397092003,0.011098354381936472,29282,12526,0.09380501498786696,0.002420587767586538,0.07467764190893086,0.0016235444668823706,0.05583575201027739,0.0016891236116131567,0.047675691107198936,0.0021712281427053864,0.0037579950722978523,0.0004034488986221778,3022.0,20.0,Synthetic,Synthetic,P2,Project2_CreditPortfolioMonitoring_GoldCandidate_v2_1_4,Reconciled synthetic delinquency stock-flow bridge; not observed servicing,2017-04
2017-05,41703,331761319.17361116,2968,600,400,166,3,0,2999,2999,0,4052,0.09716327362539866,0.07800398052897874,0.059204373786058556,2154,0.05165096036256384,166,0.004179780939191741,0.00978346881519315,29214,12489,0.0962256027554535,0.0009376708699451591,0.07630118637581323,0.0017027941531655016,0.05752487562189055,0.001679498164168007,0.04984691924990432,0.0018040411126595199,0.00416144397092003,1.8336968271710948e-05,3042.0,-43.0,Synthetic,Synthetic,P2,Project2_CreditPortfolioMonitoring_GoldCandidate_v2_1_4,Reconciled synthetic delinquency stock-flow bridge; not observed servicing,2017-05
2017-06,41687,326639080.0833334,2941,578,416,158,5,0,2940,2940,0,4137,0.09923957108930842,0.07844172044042508,0.061889797778684,2231,0.05351788327296279,158,0.003988488918059272,0.016719840717729747,29215,12472,0.09716327362539866,0.0020762974639097626,0.07800398052897874,0.0004377399114463415,0.059204373786058556,0.0026854239926254464,0.05165096036256384,0.0018669229103989507,0.004179780939191741,-0.00019129202113246906,2999.0,-59.0,Synthetic,Synthetic,P2,Project2_CreditPortfolioMonitoring_GoldCandidate_v2_1_4,Reconciled synthetic delinquency stock-flow bridge; not observed servicing,2017-06
2017-07,41100,319913008.0902778,2840,591,357,176,5,0,2893,2893,0,4085,0.09939172749391728,0.0794647201946472,0.06165450121654501,2240,0.054501216545012166,176,0.004508658674044472,0.010413625304136254,28806,12294,0.09923957108930842,0.00015215640460886082,0.07844172044042508,0.0010229997542221259,0.061889797778684,-0.00023529656213899103,0.05351788327296279,0.000983333272049372,0.003988488918059272,0.0005201697559851998,2940.0,-47.0,Synthetic,Synthetic,P2,Project2_CreditPortfolioMonitoring_GoldCandidate_v2_1_4,Reconciled synthetic delinquency stock-flow bridge; not observed servicing,2017-07
2017-08,41012,314606822.4027778,2835,576,383,138,1,0,2889,2889,0,4134,0.10079976592216912,0.08229298741831659,0.06327416365941675,2287,0.05576416658538964,138,0.0035509353369528856,0.006095776845801229,28769,12243,0.09939172749391728,0.0014080384282518371,0.0794647201946472,0.002828267223669384,0.06165450121654501,0.0016196624428717402,0.054501216545012166,0.001262950040377478,0.004508658674044472,-0.0009577233370915861,2893.0,-4.0,Synthetic,Synthetic,P2,Project2_CreditPortfolioMonitoring_GoldCandidate_v2_1_4,Reconciled synthetic delinquency stock-flow bridge; not observed servicing,2017-08
2017-09,41134,308825721.00000006,2842,571,355,143,10,0,2905,2905,0,4262,0.10361258326445276,0.08433412748577819,0.06614965721787329,2386,0.05800554285992123,143,0.003676943251652053,0.02071279233723927,28821,12313,0.10079976592216912,0.002812817342283641,0.08229298741831659,0.0020411400674616026,0.06327416365941675,0.0028754935584565378,0.05576416658538964,0.0022413762745315882,0.0035509353369528856,0.00012600791469916757,2889.0,16.0,Synthetic,Synthetic,P2,Project2_CreditPortfolioMonitoring_GoldCandidate_v2_1_4,Reconciled synthetic delinquency stock-flow bridge; not observed servicing,2017-09
2017-10,39986,298766776.62500006,2773,585,390,158,7,0,2803,2803,0,4133,0.10336117641174411,0.08362927024458561,0.06567298554494073,2332,0.05832041214425049,158,0.004178567650481329,0.013504726654329014,28044,11942,0.10361258326445276,-0.0002514068527086494,0.08433412748577819,-0.000704857241192583,0.06614965721787329,-0.00047667167293255486,0.05800554285992123,0.0003148692843292569,0.003676943251652053,0.0005016243988292756,2905.0,-102.0,Synthetic,Synthetic,P2,Project2_CreditPortfolioMonitoring_GoldCandidate_v2_1_4,Reconciled synthetic delinquency stock-flow bridge; not observed servicing,2017-10
2017-11,39478,290969858.0833334,2719,524,346,147,4,0,2746,2746,0,4150,0.10512184001215867,0.08460408328689396,0.06712599422463145,2352,0.059577486194842696,147,0.003943873581412819,0.00580069912356249,27706,11772,0.10336117641174411,0.001760663600414561,0.08362927024458561,0.0009748130423083562,0.06567298554494073,0.0014530086796907121,0.05832041214425049,0.001257074050592208,0.004178567650481329,-0.00023469406906851016,2803.0,-57.0,Synthetic,Synthetic,P2,Project2_CreditPortfolioMonitoring_GoldCandidate_v2_1_4,Reconciled synthetic delinquency stock-flow bridge; not observed servicing,2017-11
2017-12,39553,284759862.1597222,2714,559,366,140,3,0,2764,2764,0,4252,0.10750132733294566,0.08778095214016636,0.06889490051323541,2449,0.061916921598867344,140,0.0037589947374073677,0.019391702272899655,27780,11773,0.10512184001215867,0.0023794873207869938,0.08460408328689396,0.0031768688532723965,0.06712599422463145,0.0017689062886039608,0.059577486194842696,0.002339435404024648,0.003943873581412819,-0.0001848788440054509,2746.0,18.0,Synthetic,Synthetic,P2,Project2_CreditPortfolioMonitoring_GoldCandidate_v2_1_4,Reconciled synthetic delinquency stock-flow bridge; not observed servicing,2017-12
2018-01,38029,268259790.0416667,2644,524,343,136,2,0,2687,2687,0,4122,0.10839096479002866,0.08993136816639932,0.07026216834521024,2388,0.06279418338636304,136,0.0038013248735220954,0.0147781955875779,26708,11321,0.10750132733294566,0.0008896374570829951,0.08778095214016636,0.0021504160262329625,0.06889490051323541,0.0013672678319748277,0.061916921598867344,0.0008772617874956978,0.0037589947374073677,4.233013611472771e-05,2764.0,-77.0,Synthetic,Synthetic,P2,Project2_CreditPortfolioMonitoring_GoldCandidate_v2_1_4,Reconciled synthetic delinquency stock-flow bridge; not observed servicing,2018-01
2018-02,36975,253467951.5486111,2601,485,332,147,5,0,2602,2602,0,4124,0.11153482082488168,0.092684246112238,0.07388776200135226,2418,0.06539553752535497,147,0.00423582295988935,0.014685598377281948,25975,11000,0.10839096479002866,0.0031438560348530237,0.08993136816639932,0.002752877945838672,0.07026216834521024,0.003625593656142026,0.06279418338636304,0.0026013541389919292,0.0038013248735220954,0.00043449808636725424,2687.0,-85.0,Synthetic,Synthetic,P2,Project2_CreditPortfolioMonitoring_GoldCandidate_v2_1_4,Reconciled synthetic delinquency stock-flow bridge; not observed servicing,2018-02
2018-03,35926,239136091.95833337,2525,508,324,150,9,0,2550,2550,0,4052,0.11278739631464678,0.0939431052719479,0.07509881422924901,2421,0.06738852084841063,150,0.004456990046055564,0.021655625452318656,25240,10686,0.11153482082488168,0.0012525754897650954,0.092684246112238,0.0012588591597098991,0.07388776200135226,0.0012110522278967473,0.06539553752535497,0.0019929833230556554,0.00423582295988935,0.00022116708616621433,2602.0,-52.0,Synthetic,Synthetic,P2,Project2_CreditPortfolioMonitoring_GoldCandidate_v2_1_4,Reconciled synthetic delinquency stock-flow bridge; not observed servicing,2018-03
2018-04,34425,224066698.2777778,2438,468,324,124,4,0,2454,2454,0,3936,0.1143355119825708,0.09469862018881627,0.07648511256354394,2344,0.06809005083514888,124,0.003850333799099519,0.020798838053740016,24191,10234,0.11278739631464678,0.0015481156679240243,0.0939431052719479,0.0007555149168683717,0.07509881422924901,0.001386298334294933,0.06738852084841063,0.000701529986738253,0.004456990046055564,-0.0006066562469560451,2550.0,-96.0,Synthetic,Synthetic,P2,Project2_CreditPortfolioMonitoring_GoldCandidate_v2_1_4,Reconciled synthetic delinquency stock-flow bridge; not observed servicing,2018-04
2018-05,33084,209801154.5902778,2361,432,327,144,5,0,2317,2317,0,3833,0.11585660742352799,0.09581670898319429,0.07707653246282191,2312,0.06988272276629186,144,0.004657782378056669,0.018679724338048605,23242,9842,0.1143355119825708,0.0015210954409571875,0.09469862018881627,0.0011180887943780249,0.07648511256354394,0.0005914198992779673,0.06809005083514888,0.0017926719311429778,0.003850333799099519,0.0008074485789571506,2454.0,-137.0,Synthetic,Synthetic,P2,Project2_CreditPortfolioMonitoring_GoldCandidate_v2_1_4,Reconciled synthetic delinquency stock-flow bridge; not observed servicing,2018-05
2018-06,31900,196535453.64583337,2237,408,323,120,3,0,2199,2199,0,3752,0.11761755485893417,0.09774294670846395,0.07940438871473354,2278,0.07141065830721004,120,0.004034698406294129,0.03175548589341693,22417,9483,0.11585660742352799,0.0017609474354061821,0.09581670898319429,0.001926237725269661,0.07707653246282191,0.0023278562519116336,0.06988272276629186,0.0015279355409181794,0.004657782378056669,-0.0006230839717625402,2317.0,-118.0,Synthetic,Synthetic,P2,Project2_CreditPortfolioMonitoring_GoldCandidate_v2_1_4,Reconciled synthetic delinquency stock-flow bridge; not observed servicing,2018-06
2018-07,29940,181738879.7777778,2066,383,269,115,8,0,2057,2057,0,3535,0.11806947227788911,0.09859719438877755,0.08009352037408149,2159,0.07211088844355378,115,0.004122454832234012,0.027822311289245158,21053,8887,0.11761755485893417,0.0004519174189549363,0.09774294670846395,0.0008542476803135995,0.07940438871473354,0.0006891316593479468,0.07141065830721004,0.000700230136343738,0.004034698406294129,8.775642593988279e-05,2199.0,-142.0,Synthetic,Synthetic,P2,Project2_CreditPortfolioMonitoring_GoldCandidate_v2_1_4,Reconciled synthetic delinquency stock-flow bridge; not observed servicing,2018-07
2018-08,28386,168569404.375,1953,362,230,98,7,0,1980,1980,0,3376,0.11893186782216586,0.09966180511519764,0.08053265694356374,2072,0.07299372930317763,98,0.00371043465091625,0.022440639751990416,19943,8443,0.11806947227788911,0.0008623955442767506,0.09859719438877755,0.0010646107264200844,0.08009352037408149,0.0004391365694822458,0.07211088844355378,0.0008828408596238541,0.004122454832234012,-0.00041202018131776194,2057.0,-77.0,Synthetic,Synthetic,P2,Project2_CreditPortfolioMonitoring_GoldCandidate_v2_1_4,Reconciled synthetic delinquency stock-flow bridge; not observed servicing,2018-08
2018-09,27208,156713924.56250003,1912,345,253,93,7,0,1904,1904,0,3297,0.12117759482505146,0.10224933842987356,0.08321082034695677,2035,0.07479417818288739,93,0.0036808359059605795,0.03715818876800941,19120,8088,0.11893186782216586,0.0022457270028855975,0.09966180511519764,0.002587533314675927,0.08053265694356374,0.0026781634033930385,0.07299372930317763,0.0018004488797097595,0.00371043465091625,-2.959874495567054e-05,1980.0,-76.0,Synthetic,Synthetic,P2,Project2_CreditPortfolioMonitoring_GoldCandidate_v2_1_4,Reconciled synthetic delinquency stock-flow bridge; not observed servicing,2018-09
2018-10,25265,143566745.53472227,1767,377,223,120,8,0,1793,1793,0,3057,0.12099742727092816,0.10290916287354047,0.08418761132000792,1919,0.07595487829012468,120,0.005113781641523907,0.031110231545616464,17771,7494,0.12117759482505146,-0.00018016755412329777,0.10224933842987356,0.0006598244436669121,0.08321082034695677,0.0009767909730511448,0.07479417818288739,0.0011607001072372891,0.0036808359059605795,0.0014329457355633278,1904.0,-111.0,Synthetic,Synthetic,P2,Project2_CreditPortfolioMonitoring_GoldCandidate_v2_1_4,Reconciled synthetic delinquency stock-flow bridge; not observed servicing,2018-10
2018-11,23692,131751925.73611113,1678,308,201,97,7,0,1681,1681,0,2878,0.12147560357926726,0.10328380888063482,0.08369913894985649,1815,0.07660813776802296,97,0.004414307818330755,0.04039338173223029,16687,7005,0.12099742727092816,0.0004781763083391011,0.10290916287354047,0.00037464600709434526,0.08418761132000792,-0.0004884723701514271,0.07595487829012468,0.0006532594778982798,0.005113781641523907,-0.0006994738231931525,1793.0,-112.0,Synthetic,Synthetic,P2,Project2_CreditPortfolioMonitoring_GoldCandidate_v2_1_4,Reconciled synthetic delinquency stock-flow bridge; not observed servicing,2018-11
2018-12,21796,119347312.61805558,1553,300,221,66,4,0,1562,1562,0,2630,0.1206643420811158,0.10134887135254175,0.0824922004037438,1620,0.07432556432372912,66,0.0032605473767414288,0.033492383923655715,15383,6413,0.12147560357926726,-0.0008112614981514582,0.10328380888063482,-0.001934937528093067,0.08369913894985649,-0.0012069385461126875,0.07660813776802296,-0.002282573444293834,0.004414307818330755,-0.001153760441589326,1681.0,-119.0,Synthetic,Synthetic,P2,Project2_CreditPortfolioMonitoring_GoldCandidate_v2_1_4,Reconciled synthetic delinquency stock-flow bridge; not observed servicing,2018-12
2019-01,20434,109234611.52777779,1462,275,214,83,11,0,1429,1429,0,2477,0.12121953606733875,0.10223157482626995,0.08368405598512284,1550,0.07585396887540374,83,0.0043760215110455,0.04277185083684056,14403,6031,0.1206643420811158,0.000555193986222946,0.10134887135254175,0.0008827034737281941,0.0824922004037438,0.0011918555813790338,0.07432556432372912,0.0015284045516746197,0.0032605473767414288,0.0011154741343040713,1562.0,-133.0,Synthetic,Synthetic,P2,Project2_CreditPortfolioMonitoring_GoldCandidate_v2_1_4,Reconciled synthetic delinquency stock-flow bridge; not observed servicing,2019-01
2019-02,18803,99055379.92361113,1309,245,184,74,13,0,1283,1283,0,2286,0.12157634420039355,0.10211136520767962,0.08477370632345903,1453,0.07727490294102005,74,0.004247015610651974,0.06302185821411477,13263,5540,0.12121953606733875,0.0003568081330548034,0.10223157482626995,-0.00012020961859032786,0.08368405598512284,0.00108965033833619,0.07585396887540374,0.0014209340656163028,0.0043760215110455,-0.00012900590039352598,1429.0,-146.0,Synthetic,Synthetic,P2,Project2_CreditPortfolioMonitoring_GoldCandidate_v2_1_4,Reconciled synthetic delinquency stock-flow bridge; not observed servicing,2019-02
2019-03,16515,87550583.48611113,1096,192,143,59,2,0,1084,1084,0,1934,0.11710566151983046,0.09839539812291856,0.08095670602482592,1218,0.07375113533151681,59,0.003842146392289659,0.036875567665758405,11658,4857,0.12157634420039355,-0.004470682680563096,0.10211136520767962,-0.00371596708476106,0.08477370632345903,-0.0038170002986331053,0.07727490294102005,-0.0035237676095032366,0.004247015610651974,-0.0004048692183623152,1283.0,-199.0,Synthetic,Synthetic,P2,Project2_CreditPortfolioMonitoring_GoldCandidate_v2_1_4,Reconciled synthetic delinquency stock-flow bridge; not observed servicing,2019-03
2019-04,15395,79858424.8888889,1028,209,135,60,3,0,1039,1039,0,1824,0.11848002598246184,0.09996752192270218,0.0819746670997077,1148,0.07456966547580383,60,0.004193751310547285,0.03026956804157194,10866,4529,0.11710566151983046,0.0013743644626313806,0.09839539812291856,0.001572123799783623,0.08095670602482592,0.0010179610748817791,0.07375113533151681,0.0008185301442870246,0.003842146392289659,0.0003516049182576259,1084.0,-45.0,Synthetic,Synthetic,P2,Project2_CreditPortfolioMonitoring_GoldCandidate_v2_1_4,Reconciled synthetic delinquency stock-flow bridge; not observed servicing,2019-04
2019-05,14521,72918315.27083334,972,166,138,47,8,0,945,945,0,1722,0.11858687418221886,0.10102610013084498,0.08236347358997315,1096,0.07547689553061084,47,0.0034887173396674583,0.03450175607740514,10257,4264,0.11848002598246184,0.00010684819975702309,0.09996752192270218,0.0010585782081427991,0.0819746670997077,0.0003888064902654448,0.07456966547580383,0.0009072300548070011,0.004193751310547285,-0.0007050339708798265,1039.0,-94.0,Synthetic,Synthetic,P2,Project2_CreditPortfolioMonitoring_GoldCandidate_v2_1_4,Reconciled synthetic delinquency stock-flow bridge; not observed servicing,2019-05
2019-06,13562,65993224.14583334,894,202,115,47,5,0,929,929,0,1622,0.11959887922135379,0.10308214127709778,0.08545937177407462,1038,0.07653738386668633,47,0.0037387638214939145,0.043282701666420884,9605,3957,0.11858687418221886,0.0010120050391349278,0.10102610013084498,0.002056041146252796,0.08236347358997315,0.00309589818410147,0.07547689553061084,0.001060488336075499,0.0034887173396674583,0.0002500464818264562,945.0,-16.0,Synthetic,Synthetic,P2,Project2_CreditPortfolioMonitoring_GoldCandidate_v2_1_4,Reconciled synthetic delinquency stock-flow bridge; not observed servicing,2019-06
2019-07,12490,59188879.95833334,863,154,103,46,2,0,866,866,0,1521,0.12177742193755003,0.10408326661329063,0.08414731785428342,967,0.07742193755004004,46,0.003976143141153081,0.04291433146517214,8859,3631,0.11959887922135379,0.0021785427161962467,0.10308214127709778,0.0010011253361928568,0.08545937177407462,-0.0013120539197911951,0.07653738386668633,0.0008845536833537032,0.0037387638214939145,0.00023737931965916656,929.0,-63.0,Synthetic,Synthetic,P2,Project2_CreditPortfolioMonitoring_GoldCandidate_v2_1_4,Reconciled synthetic delinquency stock-flow bridge; not observed servicing,2019-07
2019-08,11475,53010635.19444446,792,158,103,32,4,0,811,811,0,1394,0.12148148148148148,0.10230936819172114,0.08444444444444445,881,0.0767755991285403,32,0.0030114812723508375,0.03965141612200436,8153,3322,0.12177742193755003,-0.00029594045606855246,0.10408326661329063,-0.0017738984215694975,0.08414731785428342,0.00029712659016102594,0.07742193755004004,-0.0006463384214997342,0.003976143141153081,-0.0009646618688022436,866.0,-55.0,Synthetic,Synthetic,P2,Project2_CreditPortfolioMonitoring_GoldCandidate_v2_1_4,Reconciled synthetic delinquency stock-flow bridge; not observed servicing,2019-08
2019-09,10655,47639052.84027779,757,148,87,42,7,0,769,769,0,1314,0.12332238385734397,0.10286250586579071,0.08653214453308306,834,0.07827311121539184,42,0.0042583392476933995,0.042139840450492724,7572,3083,0.12148148148148148,0.0018409023758624854,0.10230936819172114,0.0005531376740695731,0.08444444444444445,0.0020877000886386082,0.0767755991285403,0.0014975120868515324,0.0030114812723508375,0.001246857975342562,811.0,-42.0,Synthetic,Synthetic,P2,Project2_CreditPortfolioMonitoring_GoldCandidate_v2_1_4,Reconciled synthetic delinquency stock-flow bridge; not observed servicing,2019-09
2019-10,9833,42523562.96527779,718,138,99,39,6,0,712,712,0,1244,0.12651276314451337,0.10485101189870843,0.08624021153259433,785,0.07983321468524357,39,0.004291845493562232,0.05257805349333876,6991,2842,0.12332238385734397,0.0031903792871694064,0.10286250586579071,0.001988506032917725,0.08653214453308306,-0.0002919330004887283,0.07827311121539184,0.001560103469851734,0.0042583392476933995,3.3506245868832225e-05,769.0,-57.0,Synthetic,Synthetic,P2,Project2_CreditPortfolioMonitoring_GoldCandidate_v2_1_4,Reconciled synthetic delinquency stock-flow bridge; not observed servicing,2019-10
2019-11,8921,37533678.11805557,649,119,95,25,2,0,646,646,0,1154,0.12935769532563615,0.10671449389081941,0.08866718977693083,721,0.08082053581437058,25,0.00303951367781155,0.057056383813473825,6336,2585,0.12651276314451337,0.002844932181122778,0.10485101189870843,0.0018634819921109769,0.08624021153259433,0.0024269782443365057,0.07983321468524357,0.000987321129127014,0.004291845493562232,-0.0012523318157506816,712.0,-66.0,Synthetic,Synthetic,P2,Project2_CreditPortfolioMonitoring_GoldCandidate_v2_1_4,Reconciled synthetic delinquency stock-flow bridge; not observed servicing,2019-11
2019-12,8002,32927455.583333343,581,98,82,36,3,0,558,558,0,1027,0.12834291427143213,0.1087228192951762,0.08897775556110972,659,0.08235441139715072,36,0.004878709852283507,0.051862034491377156,5670,2332,0.12935769532563615,-0.0010147810542040225,0.10671449389081941,0.0020083254043567894,0.08866718977693083,0.00031056578417888725,0.08082053581437058,0.0015338755827801337,0.00303951367781155,0.0018391961744719568,646.0,-88.0,Synthetic,Synthetic,P2,Project2_CreditPortfolioMonitoring_GoldCandidate_v2_1_4,Reconciled synthetic delinquency stock-flow bridge; not observed servicing,2019-12
2020-01,7245,28729172.180555567,513,93,54,26,5,0,521,521,0,921,0.12712215320910972,0.1069703243616287,0.08875086266390614,589,0.08129744651483782,26,0.0038910505836575876,0.047066942719116635,5131,2114,0.12834291427143213,-0.0012207610623224119,0.1087228192951762,-0.0017524949335474965,0.08897775556110972,-0.00022689289720358163,0.08235441139715072,-0.0010569648823128969,0.004878709852283507,-0.0009876592686259194,558.0,-37.0,Synthetic,Synthetic,P2,Project2_CreditPortfolioMonitoring_GoldCandidate_v2_1_4,Reconciled synthetic delinquency stock-flow bridge; not observed servicing,2020-01
2020-02,6607,24685370.902777784,483,89,68,20,3,0,481,481,0,846,0.12804601180566066,0.10791584682912063,0.08869380959588316,530,0.08021795065839261,20,0.0032803017877644745,0.066747389132738,4678,1929,0.12712215320910972,0.0009238585965509472,0.1069703243616287,0.0009455224674919244,0.08875086266390614,-5.705306802297749e-05,0.08129744651483782,-0.0010794958564452062,0.0038910505836575876,-0.0006107487958931131,521.0,-40.0,Synthetic,Synthetic,P2,Project2_CreditPortfolioMonitoring_GoldCandidate_v2_1_4,Reconciled synthetic delinquency stock-flow bridge; not observed servicing,2020-02
2020-03,5788,20817424.020833343,416,74,50,24,4,0,412,412,0,747,0.12906012439530062,0.109364201796821,0.08932273669661368,472,0.08154803040774015,24,0.0044943820224719105,0.06288873531444368,4110,1678,0.12804601180566066,0.0010141125896399594,0.10791584682912063,0.001448354967700377,0.08869380959588316,0.0006289271007305225,0.08021795065839261,0.0013300797493475403,0.0032803017877644745,0.001214080234707436,481.0,-69.0,Synthetic,Synthetic,P2,Project2_CreditPortfolioMonitoring_GoldCandidate_v2_1_4,Reconciled synthetic delinquency stock-flow bridge; not observed servicing,2020-03
2020-04,5161,17743972.79166667,364,61,36,16,5,0,368,368,0,676,0.1309823677581864,0.11315636504553381,0.09319899244332494,431,0.08351094749079636,16,0.00337126000842815,0.08157333850029064,3646,1515,0.12906012439530062,0.0019222433628857671,0.109364201796821,0.0037921632487128015,0.08932273669661368,0.0038762557467112574,0.08154803040774015,0.0019629170830562093,0.0044943820224719105,-0.0011231220140437603,412.0,-44.0,Synthetic,Synthetic,P2,Project2_CreditPortfolioMonitoring_GoldCandidate_v2_1_4,Reconciled synthetic delinquency stock-flow bridge; not observed servicing,2020-04
2020-05,4401,14594069.791666672,314,73,39,19,1,0,328,328,0,578,0.13133378777550556,0.11565553283344694,0.0922517609634174,375,0.08520790729379686,19,0.004697156983930779,0.09338786639400136,3102,1299,0.1309823677581864,0.00035142001731916506,0.11315636504553381,0.002499167787913134,0.09319899244332494,-0.0009472314799075371,0.08351094749079636,0.0016969598030004973,0.00337126000842815,0.0013258969755026288,368.0,-40.0,Synthetic,Synthetic,P2,Project2_CreditPortfolioMonitoring_GoldCandidate_v2_1_4,Reconciled synthetic delinquency stock-flow bridge; not observed servicing,2020-05
2020-06,3664,11796790.14583334,276,45,47,10,3,0,261,261,0,494,0.13482532751091703,0.11189956331877729,0.09525109170305676,317,0.0865174672489083,10,0.002978850163836759,0.11108078602620088,2570,1094,0.13133378777550556,0.0034915397354114697,0.11565553283344694,-0.003755969514669652,0.0922517609634174,0.002999330739639358,0.08520790729379686,0.0013095599551114362,0.004697156983930779,-0.0017183068200940198,328.0,-67.0,Synthetic,Synthetic,P2,Project2_CreditPortfolioMonitoring_GoldCandidate_v2_1_4,Reconciled synthetic delinquency stock-flow bridge; not observed servicing,2020-06
2020-07,2926,9102328.076388892,195,36,25,10,0,0,196,196,0,384,0.13123718386876282,0.11073137388926863,0.09432672590567327,255,0.08714969241285031,10,0.003729951510630362,0.14183185235816814,2039,887,0.13482532751091703,-0.0035881436421542068,0.11189956331877729,-0.0011681894295086648,0.09525109170305676,-0.000924365797383489,0.0865174672489083,0.0006322251639420129,0.002978850163836759,0.0007511013467936026,261.0,-65.0,Synthetic,Synthetic,P2,Project2_CreditPortfolioMonitoring_GoldCandidate_v2_1_4,Reconciled synthetic delinquency stock-flow bridge; not observed servicing,2020-07
2020-08,2175,6546424.638888892,150,35,19,7,3,0,156,156,0,276,0.12689655172413794,0.10804597701149425,0.08919540229885058,183,0.08413793103448276,7,0.003501750875437719,0.1374712643678161,1507,668,0.13123718386876282,-0.0043406321446248786,0.11073137388926863,-0.0026853968777743736,0.09432672590567327,-0.005131323606822696,0.08714969241285031,-0.0030117613783675473,0.003729951510630362,-0.00022820063519264286,196.0,-40.0,Synthetic,Synthetic,P2,Project2_CreditPortfolioMonitoring_GoldCandidate_v2_1_4,Reconciled synthetic delinquency stock-flow bridge; not observed servicing,2020-08
2020-09,1572,4368618.833333336,107,21,13,3,3,0,109,109,0,187,0.11895674300254452,0.10432569974554708,0.08524173027989822,127,0.08078880407124682,3,0.0020718232044198894,0.18193384223918574,1115,457,0.12689655172413794,-0.007939808721593417,0.10804597701149425,-0.003720277265947175,0.08919540229885058,-0.003953672018952359,0.08413793103448276,-0.0033491269632359433,0.003501750875437719,-0.0014299276710178295,156.0,-47.0,Synthetic,Synthetic,P2,Project2_CreditPortfolioMonitoring_GoldCandidate_v2_1_4,Reconciled synthetic delinquency stock-flow bridge; not observed servicing,2020-09
2020-10,1054,2808740.298611112,73,13,12,1,1,0,72,72,0,130,0.12333965844402277,0.10436432637571158,0.08918406072106262,85,0.08064516129032258,1,0.0010309278350515464,0.29411764705882354,753,301,0.11895674300254452,0.004382915441478244,0.10432569974554708,3.862663016450385e-05,0.08524173027989822,0.0039423304411644045,0.08078880407124682,-0.00014364278092424132,0.0020718232044198894,-0.001040895369368343,109.0,-37.0,Synthetic,Synthetic,P2,Project2_CreditPortfolioMonitoring_GoldCandidate_v2_1_4,Reconciled synthetic delinquency stock-flow bridge; not observed servicing,2020-10
2020-11,513,1227777.951388889,45,4,2,1,2,0,44,44,0,65,0.1267056530214425,0.10136452241715399,0.07407407407407407,34,0.06627680311890838,1,0.0020833333333333333,0.5692007797270955,369,144,0.12333965844402277,0.0033659945774197203,0.10436432637571158,-0.0029998039585575897,0.08918406072106262,-0.015109986646988552,0.08064516129032258,-0.0143683581714142,0.0010309278350515464,0.0010524054982817869,72.0,-28.0,Synthetic,Synthetic,P2,Project2_CreditPortfolioMonitoring_GoldCandidate_v2_1_4,Reconciled synthetic delinquency stock-flow bridge; not observed servicing,2020-11
