period,accounts,matured_accounts,excluded_immature_accounts,bad_events,good_events,eligibility_status,auc,ks,gini,observed_bad_rate_matured,mean_pd_matured,calibration_gap_matured,oe_ratio_matured,pd_psi_vs_development_baseline,reference_period,outcome_window,is_current_eligible_period,is_prior_eligible_period,prior_auc,change_auc,prior_ks,change_ks,prior_gini,change_gini,prior_observed_bad_rate_matured,change_observed_bad_rate_matured,prior_mean_pd_matured,change_mean_pd_matured,prior_calibration_gap_matured,change_calibration_gap_matured,prior_oe_ratio_matured,change_oe_ratio_matured,prior_pd_psi_vs_development_baseline,change_pd_psi_vs_development_baseline,data_layer,data_status,source_project,source_version,claim_boundary,as_of_period
2007-06,23,23,0,3,20,NOT_ASSESSABLE_MIN_SAMPLE_OR_EVENTS,,,,0.13043478260869565,0.15687718025259195,-0.026442397643896304,0.8314452261232594,2.11983192139544,2014-01_to_2015-12,12-month matured target inherited from P3,False,False,,,,,,,,,,,,,,,,,Observed,Derived,P3/P6,Project2_CreditPortfolioMonitoring_GoldCandidate_v2_1_4,Frozen P3 model monitoring on matured outcome population; no retraining,2007-06
2007-07,62,62,0,7,55,NOT_ASSESSABLE_MIN_SAMPLE_OR_EVENTS,,,,0.11290322580645161,0.17523040902847428,-0.06232718322202267,0.644312973030299,0.33353998519072103,2014-01_to_2015-12,12-month matured target inherited from P3,False,False,,,,,,,0.13043478260869565,-0.01753155680224404,0.15687718025259195,0.01835322877588233,-0.026442397643896304,-0.03588478557812637,0.8314452261232594,-0.18713225309296044,2.11983192139544,-1.786291936204719,Observed,Derived,P3/P6,Project2_CreditPortfolioMonitoring_GoldCandidate_v2_1_4,Frozen P3 model monitoring on matured outcome population; no retraining,2007-07
2007-08,72,72,0,20,52,NOT_ASSESSABLE_MIN_SAMPLE_OR_EVENTS,,,,0.2777777777777778,0.17454019444812358,0.10323758332965421,1.5914831460803618,0.2966070291528772,2014-01_to_2015-12,12-month matured target inherited from P3,False,False,,,,,,,0.11290322580645161,0.16487455197132617,0.17523040902847428,-0.0006902145803507065,-0.06232718322202267,0.1655647665516769,0.644312973030299,0.9471701730500628,0.33353998519072103,-0.036932956037843856,Observed,Derived,P3/P6,Project2_CreditPortfolioMonitoring_GoldCandidate_v2_1_4,Frozen P3 model monitoring on matured outcome population; no retraining,2007-08
2007-09,53,53,0,13,40,NOT_ASSESSABLE_MIN_SAMPLE_OR_EVENTS,,,,0.24528301886792453,0.19537297435209908,0.04991004451582545,1.255460330075531,0.3742488032205058,2014-01_to_2015-12,12-month matured target inherited from P3,False,False,,,,,,,0.2777777777777778,-0.03249475890985326,0.17454019444812358,0.0208327799039755,0.10323758332965421,-0.05332753881382876,1.5914831460803618,-0.33602281600483086,0.2966070291528772,0.07764177406762862,Observed,Derived,P3/P6,Project2_CreditPortfolioMonitoring_GoldCandidate_v2_1_4,Frozen P3 model monitoring on matured outcome population; no retraining,2007-09
2007-10,105,105,0,34,71,NOT_ASSESSABLE_MIN_SAMPLE_OR_EVENTS,,,,0.3238095238095238,0.1985201901244348,0.12528933368508902,1.6311163293091557,0.02492496393458527,2014-01_to_2015-12,12-month matured target inherited from P3,False,False,,,,,,,0.24528301886792453,0.0785265049415993,0.19537297435209908,0.003147215772335732,0.04991004451582545,0.07537928916926356,1.255460330075531,0.3756559992336248,0.3742488032205058,-0.34932383928592053,Observed,Derived,P3/P6,Project2_CreditPortfolioMonitoring_GoldCandidate_v2_1_4,Frozen P3 model monitoring on matured outcome population; no retraining,2007-10
2007-11,112,112,0,34,78,NOT_ASSESSABLE_MIN_SAMPLE_OR_EVENTS,,,,0.30357142857142855,0.20363015168509652,0.09994127688633203,1.490798027989912,0.2169441058865301,2014-01_to_2015-12,12-month matured target inherited from P3,False,False,,,,,,,0.3238095238095238,-0.020238095238095277,0.1985201901244348,0.005109961560661708,0.12528933368508902,-0.025348056798756985,1.6311163293091557,-0.14031830131924372,0.02492496393458527,0.19201914195194483,Observed,Derived,P3/P6,Project2_CreditPortfolioMonitoring_GoldCandidate_v2_1_4,Frozen P3 model monitoring on matured outcome population; no retraining,2007-11
2007-12,172,172,0,47,125,NOT_ASSESSABLE_MIN_SAMPLE_OR_EVENTS,,,,0.27325581395348836,0.19355002071174954,0.07970579324173882,1.411809789266017,0.12960592950778682,2014-01_to_2015-12,12-month matured target inherited from P3,False,False,,,,,,,0.30357142857142855,-0.03031561461794019,0.20363015168509652,-0.010080130973346979,0.09994127688633203,-0.02023548364459321,1.490798027989912,-0.07898823872389493,0.2169441058865301,-0.08733817637874328,Observed,Derived,P3/P6,Project2_CreditPortfolioMonitoring_GoldCandidate_v2_1_4,Frozen P3 model monitoring on matured outcome population; no retraining,2007-12
2008-01,305,305,0,84,221,NOT_ASSESSABLE_MIN_SAMPLE_OR_EVENTS,,,,0.2754098360655738,0.18942194326402498,0.08598789280154881,1.453948952902964,0.09790857272528236,2014-01_to_2015-12,12-month matured target inherited from P3,False,False,,,,,,,0.27325581395348836,0.0021540221120854297,0.19355002071174954,-0.00412807744772456,0.07970579324173882,0.006282099559809989,1.411809789266017,0.04213916363694703,0.12960592950778682,-0.03169735678250446,Observed,Derived,P3/P6,Project2_CreditPortfolioMonitoring_GoldCandidate_v2_1_4,Frozen P3 model monitoring on matured outcome population; no retraining,2008-01
2008-02,306,306,0,61,245,NOT_ASSESSABLE_MIN_SAMPLE_OR_EVENTS,,,,0.19934640522875818,0.19031909593681542,0.009027309291942759,1.0474324935577655,0.10151412639551934,2014-01_to_2015-12,12-month matured target inherited from P3,False,False,,,,,,,0.2754098360655738,-0.0760634308368156,0.18942194326402498,0.0008971526727904466,0.08598789280154881,-0.07696058350960605,1.453948952902964,-0.40651645934519864,0.09790857272528236,0.0036055536702369745,Observed,Derived,P3/P6,Project2_CreditPortfolioMonitoring_GoldCandidate_v2_1_4,Frozen P3 model monitoring on matured outcome population; no retraining,2008-02
2008-03,402,402,0,89,313,NOT_ASSESSABLE_MIN_SAMPLE_OR_EVENTS,,,,0.22139303482587064,0.19155371890563594,0.0298393159202347,1.1557751845837787,0.11876961532916534,2014-01_to_2015-12,12-month matured target inherited from P3,False,False,,,,,,,0.19934640522875818,0.022046629597112455,0.19031909593681542,0.0012346229688205146,0.009027309291942759,0.02081200662829194,1.0474324935577655,0.10834269102601324,0.10151412639551934,0.017255488933646007,Observed,Derived,P3/P6,Project2_CreditPortfolioMonitoring_GoldCandidate_v2_1_4,Frozen P3 model monitoring on matured outcome population; no retraining,2008-03
2008-04,259,259,0,63,196,NOT_ASSESSABLE_MIN_SAMPLE_OR_EVENTS,,,,0.24324324324324326,0.19228213109023687,0.05096111215300639,1.265033010941046,0.043623724669083916,2014-01_to_2015-12,12-month matured target inherited from P3,False,False,,,,,,,0.22139303482587064,0.02185020841737262,0.19155371890563594,0.0007284121846009295,0.0298393159202347,0.02112179623277169,1.1557751845837787,0.10925782635726722,0.11876961532916534,-0.07514589066008143,Observed,Derived,P3/P6,Project2_CreditPortfolioMonitoring_GoldCandidate_v2_1_4,Frozen P3 model monitoring on matured outcome population; no retraining,2008-04
2008-05,115,115,0,25,90,NOT_ASSESSABLE_MIN_SAMPLE_OR_EVENTS,,,,0.21739130434782608,0.19216097760845197,0.025230326739374115,1.1312978683465253,0.1719392548746711,2014-01_to_2015-12,12-month matured target inherited from P3,False,False,,,,,,,0.24324324324324326,-0.025851938895417176,0.19228213109023687,-0.00012115348178490248,0.05096111215300639,-0.025730785413632273,1.265033010941046,-0.13373514259452057,0.043623724669083916,0.12831553020558717,Observed,Derived,P3/P6,Project2_CreditPortfolioMonitoring_GoldCandidate_v2_1_4,Frozen P3 model monitoring on matured outcome population; no retraining,2008-05
2008-06,124,124,0,22,102,NOT_ASSESSABLE_MIN_SAMPLE_OR_EVENTS,,,,0.1774193548387097,0.182400299909751,-0.004980945071041326,0.9726922320110997,0.18549569991124,2014-01_to_2015-12,12-month matured target inherited from P3,False,False,,,,,,,0.21739130434782608,-0.039971949509116395,0.19216097760845197,-0.009760677698700954,0.025230326739374115,-0.03021127181041544,1.1312978683465253,-0.15860563633542568,0.1719392548746711,0.013556445036568887,Observed,Derived,P3/P6,Project2_CreditPortfolioMonitoring_GoldCandidate_v2_1_4,Frozen P3 model monitoring on matured outcome population; no retraining,2008-06
2008-07,141,141,0,30,111,NOT_ASSESSABLE_MIN_SAMPLE_OR_EVENTS,,,,0.2127659574468085,0.1970220810580357,0.01574387638877281,1.0799091975083506,0.15625759415402443,2014-01_to_2015-12,12-month matured target inherited from P3,False,False,,,,,,,0.1774193548387097,0.035346602608098826,0.182400299909751,0.01462178114828469,-0.004980945071041326,0.020724821459814136,0.9726922320110997,0.1072169654972509,0.18549569991124,-0.029238105757215554,Observed,Derived,P3/P6,Project2_CreditPortfolioMonitoring_GoldCandidate_v2_1_4,Frozen P3 model monitoring on matured outcome population; no retraining,2008-07
2008-08,100,100,0,12,88,NOT_ASSESSABLE_MIN_SAMPLE_OR_EVENTS,,,,0.12,0.19523801078308986,-0.07523801078308986,0.6146344122165864,0.1758451728355689,2014-01_to_2015-12,12-month matured target inherited from P3,False,False,,,,,,,0.2127659574468085,-0.09276595744680852,0.1970220810580357,-0.0017840702749458426,0.01574387638877281,-0.09098188717186267,1.0799091975083506,-0.46527478529176414,0.15625759415402443,0.019587578681544482,Observed,Derived,P3/P6,Project2_CreditPortfolioMonitoring_GoldCandidate_v2_1_4,Frozen P3 model monitoring on matured outcome population; no retraining,2008-08
2008-09,57,57,0,10,47,NOT_ASSESSABLE_MIN_SAMPLE_OR_EVENTS,,,,0.17543859649122806,0.19379531880912806,-0.018356722317900004,0.9052777826074333,0.18036381372998214,2014-01_to_2015-12,12-month matured target inherited from P3,False,False,,,,,,,0.12,0.055438596491228065,0.19523801078308986,-0.001442691973961796,-0.07523801078308986,0.05688128846518986,0.6146344122165864,0.29064337039084687,0.1758451728355689,0.004518640894413228,Observed,Derived,P3/P6,Project2_CreditPortfolioMonitoring_GoldCandidate_v2_1_4,Frozen P3 model monitoring on matured outcome population; no retraining,2008-09
2008-10,122,122,0,21,101,NOT_ASSESSABLE_MIN_SAMPLE_OR_EVENTS,,,,0.1721311475409836,0.1698698710316229,0.002261276509360699,1.0133118162486845,0.4062820402784547,2014-01_to_2015-12,12-month matured target inherited from P3,False,False,,,,,,,0.17543859649122806,-0.003307448950244457,0.19379531880912806,-0.02392544777750516,-0.018356722317900004,0.020617998827260703,0.9052777826074333,0.10803403364125119,0.18036381372998214,0.22591822654847257,Observed,Derived,P3/P6,Project2_CreditPortfolioMonitoring_GoldCandidate_v2_1_4,Frozen P3 model monitoring on matured outcome population; no retraining,2008-10
2008-11,209,209,0,39,170,NOT_ASSESSABLE_MIN_SAMPLE_OR_EVENTS,,,,0.18660287081339713,0.16536186815360218,0.02124100265979495,1.128451636988429,0.41875407403656095,2014-01_to_2015-12,12-month matured target inherited from P3,False,False,,,,,,,0.1721311475409836,0.014471723272413528,0.1698698710316229,-0.004508002878020723,0.002261276509360699,0.01897972615043425,1.0133118162486845,0.11513982073974449,0.4062820402784547,0.012472033758106238,Observed,Derived,P3/P6,Project2_CreditPortfolioMonitoring_GoldCandidate_v2_1_4,Frozen P3 model monitoring on matured outcome population; no retraining,2008-11
2008-12,253,253,0,40,213,NOT_ASSESSABLE_MIN_SAMPLE_OR_EVENTS,,,,0.15810276679841898,0.1662580722987833,-0.008155305500364335,0.9509479125578433,0.4517703149308488,2014-01_to_2015-12,12-month matured target inherited from P3,False,False,,,,,,,0.18660287081339713,-0.028500104014978156,0.16536186815360218,0.0008962041451811287,0.02124100265979495,-0.029396308160159285,1.128451636988429,-0.1775037244305857,0.41875407403656095,0.03301624089428784,Observed,Derived,P3/P6,Project2_CreditPortfolioMonitoring_GoldCandidate_v2_1_4,Frozen P3 model monitoring on matured outcome population; no retraining,2008-12
2009-01,269,269,0,41,228,NOT_ASSESSABLE_MIN_SAMPLE_OR_EVENTS,,,,0.1524163568773234,0.16204616126933813,-0.009629804392014718,0.9405736963061473,0.48572716907504165,2014-01_to_2015-12,12-month matured target inherited from P3,False,False,,,,,,,0.15810276679841898,-0.005686409921095564,0.1662580722987833,-0.004211911029445181,-0.008155305500364335,-0.0014744988916503832,0.9509479125578433,-0.010374216251695989,0.4517703149308488,0.03395685414419286,Observed,Derived,P3/P6,Project2_CreditPortfolioMonitoring_GoldCandidate_v2_1_4,Frozen P3 model monitoring on matured outcome population; no retraining,2009-01
2009-02,302,302,0,41,261,NOT_ASSESSABLE_MIN_SAMPLE_OR_EVENTS,,,,0.1357615894039735,0.1667553199527869,-0.03099373054881338,0.8141364811774007,0.4140050789159571,2014-01_to_2015-12,12-month matured target inherited from P3,False,False,,,,,,,0.1524163568773234,-0.016654767473349902,0.16204616126933813,0.004709158683448761,-0.009629804392014718,-0.021363926156798663,0.9405736963061473,-0.12643721512874662,0.48572716907504165,-0.07172209015908454,Observed,Derived,P3/P6,Project2_CreditPortfolioMonitoring_GoldCandidate_v2_1_4,Frozen P3 model monitoring on matured outcome population; no retraining,2009-02
2009-03,324,324,0,41,283,NOT_ASSESSABLE_MIN_SAMPLE_OR_EVENTS,,,,0.12654320987654322,0.16373554273351482,-0.0371923328569716,0.7728511950670149,0.519614169331432,2014-01_to_2015-12,12-month matured target inherited from P3,False,False,,,,,,,0.1357615894039735,-0.009218379527430293,0.1667553199527869,-0.003019777219272074,-0.03099373054881338,-0.006198602308158219,0.8141364811774007,-0.04128528611038573,0.4140050789159571,0.1056090904154749,Observed,Derived,P3/P6,Project2_CreditPortfolioMonitoring_GoldCandidate_v2_1_4,Frozen P3 model monitoring on matured outcome population; no retraining,2009-03
2009-04,333,333,0,49,284,NOT_ASSESSABLE_MIN_SAMPLE_OR_EVENTS,,,,0.14714714714714713,0.15798030393021112,-0.010833156783063985,0.9314271683649272,0.6367185140859047,2014-01_to_2015-12,12-month matured target inherited from P3,False,False,,,,,,,0.12654320987654322,0.020603937270603917,0.16373554273351482,-0.005755238803303697,-0.0371923328569716,0.026359176073907614,0.7728511950670149,0.1585759732979123,0.519614169331432,0.11710434475447273,Observed,Derived,P3/P6,Project2_CreditPortfolioMonitoring_GoldCandidate_v2_1_4,Frozen P3 model monitoring on matured outcome population; no retraining,2009-04
2009-05,359,359,0,51,308,NOT_ASSESSABLE_MIN_SAMPLE_OR_EVENTS,,,,0.14206128133704735,0.1560943478283701,-0.014033066491322743,0.9100988172438347,0.7085950656716069,2014-01_to_2015-12,12-month matured target inherited from P3,False,False,,,,,,,0.14714714714714713,-0.005085865810099788,0.15798030393021112,-0.0018859561018410298,-0.010833156783063985,-0.003199909708258758,0.9314271683649272,-0.021328351121092548,0.6367185140859047,0.07187655158570216,Observed,Derived,P3/P6,Project2_CreditPortfolioMonitoring_GoldCandidate_v2_1_4,Frozen P3 model monitoring on matured outcome population; no retraining,2009-05
2009-06,406,406,0,58,348,NOT_ASSESSABLE_MIN_SAMPLE_OR_EVENTS,,,,0.14285714285714285,0.15581922459714348,-0.01296208174000063,0.9168133343397586,0.6685069848231039,2014-01_to_2015-12,12-month matured target inherited from P3,False,False,,,,,,,0.14206128133704735,0.0007958615200955033,0.1560943478283701,-0.0002751232312266094,-0.014033066491322743,0.0010709847513221127,0.9100988172438347,0.006714517095923966,0.7085950656716069,-0.040088080848503016,Observed,Derived,P3/P6,Project2_CreditPortfolioMonitoring_GoldCandidate_v2_1_4,Frozen P3 model monitoring on matured outcome population; no retraining,2009-06
2009-07,411,411,0,58,353,NOT_ASSESSABLE_MIN_SAMPLE_OR_EVENTS,,,,0.1411192214111922,0.15891649762047663,-0.017797276209284424,0.8880086304709045,0.6165288712165378,2014-01_to_2015-12,12-month matured target inherited from P3,False,False,,,,,,,0.14285714285714285,-0.001737921445950641,0.15581922459714348,0.0030972730233331525,-0.01296208174000063,-0.004835194469283793,0.9168133343397586,-0.028804703868854142,0.6685069848231039,-0.05197811360656612,Observed,Derived,P3/P6,Project2_CreditPortfolioMonitoring_GoldCandidate_v2_1_4,Frozen P3 model monitoring on matured outcome population; no retraining,2009-07
2009-08,446,446,0,50,396,NOT_ASSESSABLE_MIN_SAMPLE_OR_EVENTS,,,,0.11210762331838565,0.1549052521026683,-0.04279762878428266,0.7237173807643579,0.6826226246015388,2014-01_to_2015-12,12-month matured target inherited from P3,False,False,,,,,,,0.1411192214111922,-0.029011598092806554,0.15891649762047663,-0.004011245517808321,-0.017797276209284424,-0.025000352574998233,0.8880086304709045,-0.16429124970654663,0.6165288712165378,0.06609375338500101,Observed,Derived,P3/P6,Project2_CreditPortfolioMonitoring_GoldCandidate_v2_1_4,Frozen P3 model monitoring on matured outcome population; no retraining,2009-08
2009-09,507,507,0,66,441,NOT_ASSESSABLE_MIN_SAMPLE_OR_EVENTS,,,,0.1301775147928994,0.15615628637864423,-0.025978771585744825,0.8336360822339737,0.6342744442607757,2014-01_to_2015-12,12-month matured target inherited from P3,False,False,,,,,,,0.11210762331838565,0.018069891474513752,0.1549052521026683,0.0012510342759759208,-0.04279762878428266,0.01681885719853783,0.7237173807643579,0.1099187014696158,0.6826226246015388,-0.04834818034076305,Observed,Derived,P3/P6,Project2_CreditPortfolioMonitoring_GoldCandidate_v2_1_4,Frozen P3 model monitoring on matured outcome population; no retraining,2009-09
2009-10,604,604,0,100,504,NOT_ASSESSABLE_MIN_SAMPLE_OR_EVENTS,,,,0.16556291390728478,0.15916470300280572,0.0063982109044790625,1.0401986796304095,0.55484871094548,2014-01_to_2015-12,12-month matured target inherited from P3,False,False,,,,,,,0.1301775147928994,0.035385399114385374,0.15615628637864423,0.0030084166241614863,-0.025978771585744825,0.03237698249022389,0.8336360822339737,0.2065625973964358,0.6342744442607757,-0.07942573331529568,Observed,Derived,P3/P6,Project2_CreditPortfolioMonitoring_GoldCandidate_v2_1_4,Frozen P3 model monitoring on matured outcome population; no retraining,2009-10
2009-11,662,662,0,97,565,NOT_ASSESSABLE_MIN_SAMPLE_OR_EVENTS,,,,0.14652567975830816,0.15930498464668982,-0.012779304888381665,0.9197808849690178,0.5970055116208971,2014-01_to_2015-12,12-month matured target inherited from P3,False,False,,,,,,,0.16556291390728478,-0.019037234148976623,0.15916470300280572,0.0001402816438841048,0.0063982109044790625,-0.019177515792860728,1.0401986796304095,-0.12041779466139169,0.55484871094548,0.04215680067541705,Observed,Derived,P3/P6,Project2_CreditPortfolioMonitoring_GoldCandidate_v2_1_4,Frozen P3 model monitoring on matured outcome population; no retraining,2009-11
2009-12,658,658,0,71,587,NOT_ASSESSABLE_MIN_SAMPLE_OR_EVENTS,,,,0.10790273556231003,0.15624698574526685,-0.04834425018295682,0.6905908299455223,0.6483677877646403,2014-01_to_2015-12,12-month matured target inherited from P3,False,False,,,,,,,0.14652567975830816,-0.03862294419599813,0.15930498464668982,-0.0030579989014229703,-0.012779304888381665,-0.035564945294575157,0.9197808849690178,-0.22919005502349543,0.5970055116208971,0.051362276143743224,Observed,Derived,P3/P6,Project2_CreditPortfolioMonitoring_GoldCandidate_v2_1_4,Frozen P3 model monitoring on matured outcome population; no retraining,2009-12
2010-01,662,662,0,92,570,NOT_ASSESSABLE_MIN_SAMPLE_OR_EVENTS,,,,0.13897280966767372,0.15565256378476153,-0.016679754117087803,0.8928398369322539,0.6698384156037797,2014-01_to_2015-12,12-month matured target inherited from P3,False,False,,,,,,,0.10790273556231003,0.031070074105363693,0.15624698574526685,-0.0005944219605053258,-0.04834425018295682,0.03166449606586902,0.6905908299455223,0.20224900698673154,0.6483677877646403,0.021470627839139333,Observed,Derived,P3/P6,Project2_CreditPortfolioMonitoring_GoldCandidate_v2_1_4,Frozen P3 model monitoring on matured outcome population; no retraining,2010-01
2010-02,682,682,0,75,607,NOT_ASSESSABLE_MIN_SAMPLE_OR_EVENTS,,,,0.10997067448680352,0.16060026237476527,-0.05062958788796175,0.68474778845743,0.5496128664890702,2014-01_to_2015-12,12-month matured target inherited from P3,False,False,,,,,,,0.13897280966767372,-0.029002135180870206,0.15565256378476153,0.004947698590003741,-0.016679754117087803,-0.03394983377087395,0.8928398369322539,-0.20809204847482388,0.6698384156037797,-0.1202255491147095,Observed,Derived,P3/P6,Project2_CreditPortfolioMonitoring_GoldCandidate_v2_1_4,Frozen P3 model monitoring on matured outcome population; no retraining,2010-02
2010-03,828,828,0,87,741,NOT_ASSESSABLE_MIN_SAMPLE_OR_EVENTS,,,,0.10507246376811594,0.16308684027078163,-0.05801437650266569,0.6442730976555718,0.48614975691335144,2014-01_to_2015-12,12-month matured target inherited from P3,False,False,,,,,,,0.10997067448680352,-0.004898210718687582,0.16060026237476527,0.002486577896016362,-0.05062958788796175,-0.007384788614703944,0.68474778845743,-0.04047469080185817,0.5496128664890702,-0.06346310957571871,Observed,Derived,P3/P6,Project2_CreditPortfolioMonitoring_GoldCandidate_v2_1_4,Frozen P3 model monitoring on matured outcome population; no retraining,2010-03
2010-04,912,912,0,101,811,NOT_ASSESSABLE_MIN_SAMPLE_OR_EVENTS,,,,0.11074561403508772,0.16095767928748667,-0.05021206525239895,0.6880418164906867,0.5934610957024657,2014-01_to_2015-12,12-month matured target inherited from P3,False,False,,,,,,,0.10507246376811594,0.00567315026697178,0.16308684027078163,-0.0021291609832949643,-0.05801437650266569,0.007802311250266744,0.6442730976555718,0.043768718835114906,0.48614975691335144,0.10731133878911431,Observed,Derived,P3/P6,Project2_CreditPortfolioMonitoring_GoldCandidate_v2_1_4,Frozen P3 model monitoring on matured outcome population; no retraining,2010-04
2010-05,989,989,0,144,845,NOT_ASSESSABLE_MIN_SAMPLE_OR_EVENTS,,,,0.14560161779575329,0.16204771284586342,-0.016446095050110132,0.898510785735351,0.5126565925205213,2014-01_to_2015-12,12-month matured target inherited from P3,False,False,,,,,,,0.11074561403508772,0.03485600376066557,0.16095767928748667,0.0010900335583767518,-0.05021206525239895,0.03376597020228882,0.6880418164906867,0.2104689692446643,0.5934610957024657,-0.08080450318194443,Observed,Derived,P3/P6,Project2_CreditPortfolioMonitoring_GoldCandidate_v2_1_4,Frozen P3 model monitoring on matured outcome population; no retraining,2010-05
2010-06,1105,1105,0,196,909,ELIGIBLE,0.6265968433578052,0.20128084236995125,0.2531936867156104,0.17737556561085974,0.16238628674073213,0.014989278870127604,1.092306309670469,0.47891473707005505,2014-01_to_2015-12,12-month matured target inherited from P3,False,False,,,,,,,0.14560161779575329,0.03177394781510645,0.16204771284586342,0.0003385738948687156,-0.016446095050110132,0.031435373920237736,0.898510785735351,0.193795523935118,0.5126565925205213,-0.03374185545046626,Observed,Derived,P3/P6,Project2_CreditPortfolioMonitoring_GoldCandidate_v2_1_4,Frozen P3 model monitoring on matured outcome population; no retraining,2010-06
2010-07,1204,1204,0,159,1045,ELIGIBLE,0.6200174535824983,0.17891125756071136,0.24003490716499654,0.13205980066445183,0.1592579365241742,-0.02719813585972236,0.8292195889679013,0.5802576913922619,2014-01_to_2015-12,12-month matured target inherited from P3,False,False,0.6265968433578052,-0.006579389775306921,0.20128084236995125,-0.022369584809239895,0.2531936867156104,-0.013158779550613842,0.17737556561085974,-0.045315764946407905,0.16238628674073213,-0.00312835021655794,0.014989278870127604,-0.042187414729849965,1.092306309670469,-0.2630867207025678,0.47891473707005505,0.10134295432220686,Observed,Derived,P3/P6,Project2_CreditPortfolioMonitoring_GoldCandidate_v2_1_4,Frozen P3 model monitoring on matured outcome population; no retraining,2010-07
2010-08,1175,1175,0,172,1003,ELIGIBLE,0.6149313686846437,0.17870226529713185,0.22986273736928742,0.14638297872340425,0.16660337114985266,-0.020220392426448408,0.8786315529698314,0.3855623031354046,2014-01_to_2015-12,12-month matured target inherited from P3,False,False,0.6200174535824983,-0.005086084897854559,0.17891125756071136,-0.0002089922635795105,0.24003490716499654,-0.010172169795709118,0.13205980066445183,0.014323178058952418,0.1592579365241742,0.007345434625678465,-0.02719813585972236,0.006977743433273953,0.8292195889679013,0.04941196400193015,0.5802576913922619,-0.19469538825685728,Observed,Derived,P3/P6,Project2_CreditPortfolioMonitoring_GoldCandidate_v2_1_4,Frozen P3 model monitoring on matured outcome population; no retraining,2010-08
2010-09,1189,1189,0,206,983,ELIGIBLE,0.5575536548509121,0.109852936819129,0.11510730970182426,0.17325483599663583,0.16104040137171502,0.012214434624920806,1.0758470205046704,0.5125462276648329,2014-01_to_2015-12,12-month matured target inherited from P3,False,False,0.6149313686846437,-0.05737771383373158,0.17870226529713185,-0.06884932847800285,0.22986273736928742,-0.11475542766746316,0.14638297872340425,0.026871857273231575,0.16660337114985266,-0.005562969778137639,-0.020220392426448408,0.032434827051369214,0.8786315529698314,0.19721546753483898,0.3855623031354046,0.1269839245294283,Observed,Derived,P3/P6,Project2_CreditPortfolioMonitoring_GoldCandidate_v2_1_4,Frozen P3 model monitoring on matured outcome population; no retraining,2010-09
2010-10,1232,1232,0,189,1043,ELIGIBLE,0.6063223201286481,0.2030112567025319,0.21264464025729612,0.1534090909090909,0.16226858461246388,-0.008859493703372967,0.945402286434361,0.46764933888624005,2014-01_to_2015-12,12-month matured target inherited from P3,False,False,0.5575536548509121,0.048768665277735934,0.109852936819129,0.0931583198834029,0.11510730970182426,0.09753733055547187,0.17325483599663583,-0.019845745087544914,0.16104040137171502,0.001228183240748859,0.012214434624920806,-0.021073928328293773,1.0758470205046704,-0.13044473407030943,0.5125462276648329,-0.04489688877859288,Observed,Derived,P3/P6,Project2_CreditPortfolioMonitoring_GoldCandidate_v2_1_4,Frozen P3 model monitoring on matured outcome population; no retraining,2010-10
2010-11,1224,1224,0,175,1049,ELIGIBLE,0.6740569249625494,0.2566689364020156,0.34811384992509886,0.14297385620915032,0.156279609059092,-0.013305752849941677,0.9148593157479007,0.6525662849984262,2014-01_to_2015-12,12-month matured target inherited from P3,False,False,0.6063223201286481,0.06773460483390137,0.2030112567025319,0.05365767969948371,0.21264464025729612,0.13546920966780274,0.1534090909090909,-0.010435234699940593,0.16226858461246388,-0.005988975553371884,-0.008859493703372967,-0.00444625914656871,0.945402286434361,-0.03054297068646028,0.46764933888624005,0.18491694611218612,Observed,Derived,P3/P6,Project2_CreditPortfolioMonitoring_GoldCandidate_v2_1_4,Frozen P3 model monitoring on matured outcome population; no retraining,2010-11
2010-12,1335,1335,0,161,1174,ELIGIBLE,0.6015189351053362,0.1615806236575068,0.20303787021067232,0.12059925093632959,0.15841968154247146,-0.037820430606141875,0.7612643186888214,0.5748447841686802,2014-01_to_2015-12,12-month matured target inherited from P3,False,False,0.6740569249625494,-0.07253798985721327,0.2566689364020156,-0.0950883127445088,0.34811384992509886,-0.14507597971442654,0.14297385620915032,-0.02237460527282073,0.156279609059092,0.002140072483379468,-0.013305752849941677,-0.0245146777562002,0.9148593157479007,-0.1535949970590793,0.6525662849984262,-0.07772150082974594,Observed,Derived,P3/P6,Project2_CreditPortfolioMonitoring_GoldCandidate_v2_1_4,Frozen P3 model monitoring on matured outcome population; no retraining,2010-12
2011-01,1380,1380,0,186,1194,ELIGIBLE,0.5821400911366871,0.12054898146647214,0.16428018227337415,0.13478260869565217,0.15656790187943928,-0.021785293183787108,0.8608572196326533,0.6388824235085006,2014-01_to_2015-12,12-month matured target inherited from P3,False,False,0.6015189351053362,-0.019378843968649084,0.1615806236575068,-0.04103164219103467,0.20303787021067232,-0.03875768793729817,0.12059925093632959,0.014183357759322585,0.15841968154247146,-0.0018517796630321826,-0.037820430606141875,0.016035137422354767,0.7612643186888214,0.09959290094383189,0.5748447841686802,0.06403763933982032,Observed,Derived,P3/P6,Project2_CreditPortfolioMonitoring_GoldCandidate_v2_1_4,Frozen P3 model monitoring on matured outcome population; no retraining,2011-01
2011-02,1298,1298,0,169,1129,ELIGIBLE,0.5637155989748481,0.09962736044360354,0.12743119794969626,0.13020030816640987,0.15468134426771524,-0.024481036101305365,0.8417324583180844,0.7246632289870205,2014-01_to_2015-12,12-month matured target inherited from P3,False,False,0.5821400911366871,-0.018424492161838946,0.12054898146647214,-0.020921621022868597,0.16428018227337415,-0.03684898432367789,0.13478260869565217,-0.0045823005292423,0.15656790187943928,-0.0018865576117240435,-0.021785293183787108,-0.002695742917518257,0.8608572196326533,-0.01912476131456886,0.6388824235085006,0.08578080547851996,Observed,Derived,P3/P6,Project2_CreditPortfolioMonitoring_GoldCandidate_v2_1_4,Frozen P3 model monitoring on matured outcome population; no retraining,2011-02
2011-03,1448,1448,0,210,1238,ELIGIBLE,0.5969747672897916,0.14131856296638207,0.1939495345795832,0.14502762430939226,0.15713543576881342,-0.012107811459421164,0.9229466517200178,0.6151361452765702,2014-01_to_2015-12,12-month matured target inherited from P3,False,False,0.5637155989748481,0.033259168314943466,0.09962736044360354,0.041691202522778525,0.12743119794969626,0.06651833662988693,0.13020030816640987,0.014827316142982383,0.15468134426771524,0.0024540915010981823,-0.024481036101305365,0.0123732246418842,0.8417324583180844,0.08121419340193337,0.7246632289870205,-0.10952708371045028,Observed,Derived,P3/P6,Project2_CreditPortfolioMonitoring_GoldCandidate_v2_1_4,Frozen P3 model monitoring on matured outcome population; no retraining,2011-03
2011-04,1563,1563,0,222,1341,ELIGIBLE,0.5918048921404626,0.14398290908358025,0.18360978428092523,0.1420345489443378,0.15782268029957772,-0.015788131355239904,0.8999628486522279,0.5770116571883273,2014-01_to_2015-12,12-month matured target inherited from P3,False,False,0.5969747672897916,-0.005169875149328984,0.14131856296638207,0.0026643461171981797,0.1939495345795832,-0.010339750298657968,0.14502762430939226,-0.002993075365054443,0.15713543576881342,0.0006872445307642971,-0.012107811459421164,-0.00368031989581874,0.9229466517200178,-0.02298380306778991,0.6151361452765702,-0.03812448808824298,Observed,Derived,P3/P6,Project2_CreditPortfolioMonitoring_GoldCandidate_v2_1_4,Frozen P3 model monitoring on matured outcome population; no retraining,2011-04
2011-05,1704,1704,0,290,1414,ELIGIBLE,0.6617824220845729,0.23994537384772963,0.3235648441691459,0.17018779342723006,0.1574619898816281,0.01272580354560196,1.0808182568705538,0.598213053566949,2014-01_to_2015-12,12-month matured target inherited from P3,False,False,0.5918048921404626,0.06997752994411033,0.14398290908358025,0.09596246476414938,0.18360978428092523,0.13995505988822066,0.1420345489443378,0.028153244482892248,0.15782268029957772,-0.0003606904179496162,-0.015788131355239904,0.028513934900841864,0.8999628486522279,0.1808554082183259,0.5770116571883273,0.02120139637862173,Observed,Derived,P3/P6,Project2_CreditPortfolioMonitoring_GoldCandidate_v2_1_4,Frozen P3 model monitoring on matured outcome population; no retraining,2011-05
2011-06,1835,1835,0,271,1564,ELIGIBLE,0.5950503015260331,0.15167844773076883,0.19010060305206622,0.14768392370572206,0.15616518674311283,-0.008481263037390774,0.9456904370668592,0.6366951397376936,2014-01_to_2015-12,12-month matured target inherited from P3,False,False,0.6617824220845729,-0.06673212055853983,0.23994537384772963,-0.0882669261169608,0.3235648441691459,-0.13346424111707966,0.17018779342723006,-0.022503869721508002,0.1574619898816281,-0.0012968031385152679,0.01272580354560196,-0.021207066582992734,1.0808182568705538,-0.1351278198036946,0.598213053566949,0.03848208617074467,Observed,Derived,P3/P6,Project2_CreditPortfolioMonitoring_GoldCandidate_v2_1_4,Frozen P3 model monitoring on matured outcome population; no retraining,2011-06
2011-07,1875,1875,0,282,1593,ELIGIBLE,0.6035336334050121,0.1483284582815776,0.2070672668100242,0.1504,0.15903785859210345,-0.008637858592103448,0.9456867775473661,0.5439038214716934,2014-01_to_2015-12,12-month matured target inherited from P3,False,False,0.5950503015260331,0.008483331878978984,0.15167844773076883,-0.0033499894491912374,0.19010060305206622,0.016966663757957967,0.14768392370572206,0.002716076294277947,0.15616518674311283,0.002872671848990621,-0.008481263037390774,-0.00015659555471267406,0.9456904370668592,-3.6595194931043906e-06,0.6366951397376936,-0.09279131826600029,Observed,Derived,P3/P6,Project2_CreditPortfolioMonitoring_GoldCandidate_v2_1_4,Frozen P3 model monitoring on matured outcome population; no retraining,2011-07
2011-08,1934,1934,0,271,1663,ELIGIBLE,0.6152110288390917,0.19143148136231813,0.23042205767818347,0.14012409513960702,0.1563017386466772,-0.016177643507070183,0.8964973541104362,0.6176172646787647,2014-01_to_2015-12,12-month matured target inherited from P3,False,False,0.6035336334050121,0.01167739543407964,0.1483284582815776,0.04310302308074054,0.2070672668100242,0.02335479086815928,0.1504,-0.010275904860392981,0.15903785859210345,-0.0027361199454262464,-0.008637858592103448,-0.007539784914966735,0.9456867775473661,-0.04918942343692989,0.5439038214716934,0.0737134432070713,Observed,Derived,P3/P6,Project2_CreditPortfolioMonitoring_GoldCandidate_v2_1_4,Frozen P3 model monitoring on matured outcome population; no retraining,2011-08
2011-09,2067,2067,0,308,1759,ELIGIBLE,0.6385665925887642,0.23785466949196343,0.2771331851775285,0.1490082244799226,0.15347054008891264,-0.004462315608990047,0.9709239596967286,0.7018727262277049,2014-01_to_2015-12,12-month matured target inherited from P3,False,False,0.6152110288390917,0.023355563749672514,0.19143148136231813,0.0464231881296453,0.23042205767818347,0.04671112749934503,0.14012409513960702,0.008884129340315572,0.1563017386466772,-0.0028311985577645638,-0.016177643507070183,0.011715327898080136,0.8964973541104362,0.07442660558629244,0.6176172646787647,0.08425546154894026,Observed,Derived,P3/P6,Project2_CreditPortfolioMonitoring_GoldCandidate_v2_1_4,Frozen P3 model monitoring on matured outcome population; no retraining,2011-09
2011-10,2118,2118,0,313,1805,ELIGIBLE,0.6148805678227854,0.17720566760772793,0.22976113564557088,0.147780925401322,0.1547258624755291,-0.006944937074207097,0.9551145686759026,0.6751809941236078,2014-01_to_2015-12,12-month matured target inherited from P3,False,False,0.6385665925887642,-0.023686024765978808,0.23785466949196343,-0.0606490018842355,0.2771331851775285,-0.047372049531957616,0.1490082244799226,-0.0012272990786005855,0.15347054008891264,0.0012553223866164642,-0.004462315608990047,-0.0024826214652170497,0.9709239596967286,-0.015809391020826014,0.7018727262277049,-0.026691732104097143,Observed,Derived,P3/P6,Project2_CreditPortfolioMonitoring_GoldCandidate_v2_1_4,Frozen P3 model monitoring on matured outcome population; no retraining,2011-10
2011-11,2232,2232,0,344,1888,ELIGIBLE,0.6254226510149783,0.18879335829720145,0.2508453020299566,0.15412186379928317,0.16334926447849046,-0.009227400679207298,0.9435112199086617,0.4702580603096882,2014-01_to_2015-12,12-month matured target inherited from P3,False,False,0.6148805678227854,0.010542083192192853,0.17720566760772793,0.011587690689473518,0.22976113564557088,0.021084166384385705,0.147780925401322,0.0063409383979611544,0.1547258624755291,0.008623402002961356,-0.006944937074207097,-0.002282463605000201,0.9551145686759026,-0.011603348767240895,0.6751809941236078,-0.20492293381391957,Observed,Derived,P3/P6,Project2_CreditPortfolioMonitoring_GoldCandidate_v2_1_4,Frozen P3 model monitoring on matured outcome population; no retraining,2011-11
2011-12,2267,2267,0,431,1836,ELIGIBLE,0.5939946873309778,0.1263477548792139,0.18798937466195564,0.1901191001323335,0.17143051927977332,0.01868858085256017,1.1090154829552872,0.37283801353142315,2014-01_to_2015-12,12-month matured target inherited from P3,False,False,0.6254226510149783,-0.03142796368400047,0.18879335829720145,-0.06244560341798755,0.2508453020299566,-0.06285592736800094,0.15412186379928317,0.035997236333050325,0.16334926447849046,0.008081254801282856,-0.009227400679207298,0.02791598153176747,0.9435112199086617,0.16550426304662547,0.4702580603096882,-0.09742004677826505,Observed,Derived,P3/P6,Project2_CreditPortfolioMonitoring_GoldCandidate_v2_1_4,Frozen P3 model monitoring on matured outcome population; no retraining,2011-12
2012-01,2602,2602,0,440,2162,ELIGIBLE,0.5830801656715163,0.12087713396686561,0.16616033134303265,0.16910069177555725,0.16922915853257642,-0.00012846675701916332,0.9992408710287688,0.38702293753067113,2014-01_to_2015-12,12-month matured target inherited from P3,False,False,0.5939946873309778,-0.010914521659461496,0.1263477548792139,-0.00547062091234829,0.18798937466195564,-0.02182904331892299,0.1901191001323335,-0.021018408356776236,0.17143051927977332,-0.002201360747196901,0.01868858085256017,-0.018817047609579335,1.1090154829552872,-0.10977461192651838,0.37283801353142315,0.014184923999247978,Observed,Derived,P3/P6,Project2_CreditPortfolioMonitoring_GoldCandidate_v2_1_4,Frozen P3 model monitoring on matured outcome population; no retraining,2012-01
2012-02,2560,2560,0,421,2139,ELIGIBLE,0.5895128253818076,0.13294222553882817,0.1790256507636152,0.164453125,0.16771478254575062,-0.0032616575457506125,0.9805523550384662,0.40661453555403526,2014-01_to_2015-12,12-month matured target inherited from P3,False,False,0.5830801656715163,0.0064326597102912775,0.12087713396686561,0.01206509157196256,0.16616033134303265,0.012865319420582555,0.16910069177555725,-0.004647566775557249,0.16922915853257642,-0.0015143759868258,-0.00012846675701916332,-0.003133190788731449,0.9992408710287688,-0.018688515990302634,0.38702293753067113,0.019591598023364132,Observed,Derived,P3/P6,Project2_CreditPortfolioMonitoring_GoldCandidate_v2_1_4,Frozen P3 model monitoring on matured outcome population; no retraining,2012-02
2012-03,2914,2914,0,443,2471,ELIGIBLE,0.6033907548784866,0.16559402842727328,0.20678150975697318,0.15202470830473575,0.16267382012433246,-0.010649111819596713,0.9345370274611026,0.5280335047284308,2014-01_to_2015-12,12-month matured target inherited from P3,False,False,0.5895128253818076,0.013877929496678987,0.13294222553882817,0.0326518028884451,0.1790256507636152,0.027755858993357974,0.164453125,-0.01242841669526426,0.16771478254575062,-0.00504096242141816,-0.0032616575457506125,-0.0073874542738461,0.9805523550384662,-0.046015327577363596,0.40661453555403526,0.12141896917439554,Observed,Derived,P3/P6,Project2_CreditPortfolioMonitoring_GoldCandidate_v2_1_4,Frozen P3 model monitoring on matured outcome population; no retraining,2012-03
2012-04,3230,3230,0,496,2734,ELIGIBLE,0.6167577636453736,0.1614127356820917,0.2335155272907472,0.15356037151702787,0.17122302816635818,-0.01766265664933031,0.896844152106868,0.3480327441173172,2014-01_to_2015-12,12-month matured target inherited from P3,False,False,0.6033907548784866,0.013367008766887012,0.16559402842727328,-0.004181292745181586,0.20678150975697318,0.026734017533774024,0.15202470830473575,0.001535663212292121,0.16267382012433246,0.008549208042025719,-0.010649111819596713,-0.007013544829733598,0.9345370274611026,-0.0376928753542346,0.5280335047284308,-0.18000076061111359,Observed,Derived,P3/P6,Project2_CreditPortfolioMonitoring_GoldCandidate_v2_1_4,Frozen P3 model monitoring on matured outcome population; no retraining,2012-04
2012-05,3400,3400,0,569,2831,ELIGIBLE,0.6194480019418452,0.17110710629678083,0.23889600388369048,0.1673529411764706,0.17153090835736107,-0.004177967180890474,0.9756430650260054,0.3156030490950802,2014-01_to_2015-12,12-month matured target inherited from P3,False,False,0.6167577636453736,0.0026902382964716365,0.1614127356820917,0.00969437061468914,0.2335155272907472,0.005380476592943273,0.15356037151702787,0.013792569659442727,0.17122302816635818,0.00030788019100289055,-0.01766265664933031,0.013484689468439837,0.896844152106868,0.07879891291913743,0.3480327441173172,-0.032429695022237026,Observed,Derived,P3/P6,Project2_CreditPortfolioMonitoring_GoldCandidate_v2_1_4,Frozen P3 model monitoring on matured outcome population; no retraining,2012-05
2012-06,3817,3817,0,714,3103,ELIGIBLE,0.6043652072495127,0.15944676291399573,0.2087304144990254,0.18705789887346083,0.19332628140205957,-0.006268382528598737,0.9675761490722391,0.050892893813703044,2014-01_to_2015-12,12-month matured target inherited from P3,False,False,0.6194480019418452,-0.015082794692332535,0.17110710629678083,-0.011660343382785099,0.23889600388369048,-0.03016558938466507,0.1673529411764706,0.01970495769699024,0.17153090835736107,0.0217953730446985,-0.004177967180890474,-0.002090415347708263,0.9756430650260054,-0.008066915953766296,0.3156030490950802,-0.26471015528137715,Observed,Derived,P3/P6,Project2_CreditPortfolioMonitoring_GoldCandidate_v2_1_4,Frozen P3 model monitoring on matured outcome population; no retraining,2012-06
2012-07,4627,4627,0,819,3808,ELIGIBLE,0.6217336293491755,0.17414305465776048,0.24346725869835106,0.17700453857791226,0.1967505738849551,-0.01974603530704283,0.8996392492426029,0.027032397731413634,2014-01_to_2015-12,12-month matured target inherited from P3,False,False,0.6043652072495127,0.017368422099662828,0.15944676291399573,0.014696291743764744,0.2087304144990254,0.034736844199325656,0.18705789887346083,-0.010053360295548569,0.19332628140205957,0.0034242924828955246,-0.006268382528598737,-0.013477652778444094,0.9675761490722391,-0.06793689982963624,0.050892893813703044,-0.02386049608228941,Observed,Derived,P3/P6,Project2_CreditPortfolioMonitoring_GoldCandidate_v2_1_4,Frozen P3 model monitoring on matured outcome population; no retraining,2012-07
2012-08,5419,5419,0,884,4535,ELIGIBLE,0.6117962603580996,0.15723557848209246,0.22359252071619928,0.1631297287322384,0.1915224188734094,-0.02839269014117099,0.8517526548161565,0.06098573616067389,2014-01_to_2015-12,12-month matured target inherited from P3,False,False,0.6217336293491755,-0.00993736899107589,0.17414305465776048,-0.016907476175668013,0.24346725869835106,-0.01987473798215178,0.17700453857791226,-0.013874809845673852,0.1967505738849551,-0.005228155011545693,-0.01974603530704283,-0.008646654834128159,0.8996392492426029,-0.04788659442644638,0.027032397731413634,0.03395333842926025,Observed,Derived,P3/P6,Project2_CreditPortfolioMonitoring_GoldCandidate_v2_1_4,Frozen P3 model monitoring on matured outcome population; no retraining,2012-08
2012-09,6087,6087,0,951,5136,ELIGIBLE,0.627171840757884,0.18446949595605222,0.254343681515768,0.15623459832429767,0.19539576109745765,-0.03916116277315998,0.7995802848884345,0.0412626781535614,2014-01_to_2015-12,12-month matured target inherited from P3,False,False,0.6117962603580996,0.015375580399784372,0.15723557848209246,0.027233917473959757,0.22359252071619928,0.030751160799568744,0.1631297287322384,-0.006895130407940736,0.1915224188734094,0.003873342224048254,-0.02839269014117099,-0.01076847263198899,0.8517526548161565,-0.05217236992772201,0.06098573616067389,-0.019723058007112493,Observed,Derived,P3/P6,Project2_CreditPortfolioMonitoring_GoldCandidate_v2_1_4,Frozen P3 model monitoring on matured outcome population; no retraining,2012-09
2012-10,6263,6263,0,962,5301,ELIGIBLE,0.6004194085688143,0.15827751481401742,0.20083881713762852,0.15360051093725052,0.19767247416825007,-0.044071963230999545,0.7770455223144147,0.02365947694142114,2014-01_to_2015-12,12-month matured target inherited from P3,False,False,0.627171840757884,-0.026752432189069753,0.18446949595605222,-0.026191981142034804,0.254343681515768,-0.053504864378139505,0.15623459832429767,-0.0026340873870471515,0.19539576109745765,0.0022767130707924133,-0.03916116277315998,-0.004910800457839565,0.7995802848884345,-0.022534762574019762,0.0412626781535614,-0.017603201212140256,Observed,Derived,P3/P6,Project2_CreditPortfolioMonitoring_GoldCandidate_v2_1_4,Frozen P3 model monitoring on matured outcome population; no retraining,2012-10
2012-11,6382,6382,0,1029,5353,ELIGIBLE,0.5874610152032311,0.13112271676037174,0.17492203040646226,0.16123472265747416,0.19862774067409045,-0.03739301801661629,0.8117432243365695,0.01713451718354943,2014-01_to_2015-12,12-month matured target inherited from P3,False,False,0.6004194085688143,-0.012958393365583132,0.15827751481401742,-0.02715479805364568,0.20083881713762852,-0.025916786731166264,0.15360051093725052,0.007634211720223633,0.19767247416825007,0.0009552665058403798,-0.044071963230999545,0.006678945214383253,0.7770455223144147,0.03469770202215483,0.02365947694142114,-0.00652495975787171,Observed,Derived,P3/P6,Project2_CreditPortfolioMonitoring_GoldCandidate_v2_1_4,Frozen P3 model monitoring on matured outcome population; no retraining,2012-11
2012-12,6066,6066,0,916,5150,ELIGIBLE,0.5872602492898631,0.13891974392673934,0.17452049857972618,0.15100560501153973,0.19935300635367928,-0.04834740134213955,0.7574784437593848,0.020319359992373637,2014-01_to_2015-12,12-month matured target inherited from P3,False,False,0.5874610152032311,-0.0002007659133680395,0.13112271676037174,0.007797027166367598,0.17492203040646226,-0.000401531826736079,0.16123472265747416,-0.010229117645934427,0.19862774067409045,0.0007252656795888324,-0.03739301801661629,-0.01095438332552326,0.8117432243365695,-0.05426478057718476,0.01713451718354943,0.0031848428088242058,Observed,Derived,P3/P6,Project2_CreditPortfolioMonitoring_GoldCandidate_v2_1_4,Frozen P3 model monitoring on matured outcome population; no retraining,2012-12
2013-01,6872,6872,0,1050,5822,ELIGIBLE,0.6011428735011697,0.14965075002862704,0.20228574700233937,0.15279394644935973,0.20256056616296783,-0.0497666197136081,0.7543123982307153,0.02860024629083643,2014-01_to_2015-12,12-month matured target inherited from P3,False,False,0.5872602492898631,0.013882624211306593,0.13891974392673934,0.010731006101887708,0.17452049857972618,0.027765248422613187,0.15100560501153973,0.0017883414378200013,0.19935300635367928,0.0032075598092885516,-0.04834740134213955,-0.0014192183714685502,0.7574784437593848,-0.0031660455286695033,0.020319359992373637,0.008280886298462794,Observed,Derived,P3/P6,Project2_CreditPortfolioMonitoring_GoldCandidate_v2_1_4,Frozen P3 model monitoring on matured outcome population; no retraining,2013-01
2013-02,7561,7561,0,1160,6401,ELIGIBLE,0.6090930700483222,0.1554172570018693,0.2181861400966445,0.1534188599391615,0.20175557877631273,-0.04833671883715124,0.7604194187326916,0.03156902398644701,2014-01_to_2015-12,12-month matured target inherited from P3,False,False,0.6011428735011697,0.007950196547152566,0.14965075002862704,0.005766506973242269,0.20228574700233937,0.015900393094305132,0.15279394644935973,0.0006249134898017594,0.20256056616296783,-0.0008049873866551038,-0.0497666197136081,0.0014299008764568633,0.7543123982307153,0.006107020501976312,0.02860024629083643,0.0029687776956105784,Observed,Derived,P3/P6,Project2_CreditPortfolioMonitoring_GoldCandidate_v2_1_4,Frozen P3 model monitoring on matured outcome population; no retraining,2013-02
2013-03,8273,8273,0,1200,7073,ELIGIBLE,0.6101774353174042,0.16559745982374285,0.2203548706348084,0.14505016318143357,0.19671847353359154,-0.051668310352157965,0.737348966652412,0.03306905229078539,2014-01_to_2015-12,12-month matured target inherited from P3,False,False,0.6090930700483222,0.001084365269081955,0.1554172570018693,0.01018020282187354,0.2181861400966445,0.00216873053816391,0.1534188599391615,-0.008368696757727917,0.20175557877631273,-0.00503710524272119,-0.04833671883715124,-0.0033315915150067266,0.7604194187326916,-0.02307045208027958,0.03156902398644701,0.0015000283043383814,Observed,Derived,P3/P6,Project2_CreditPortfolioMonitoring_GoldCandidate_v2_1_4,Frozen P3 model monitoring on matured outcome population; no retraining,2013-03
2013-04,9419,9419,0,1504,7915,ELIGIBLE,0.611572677114555,0.16700623983548613,0.22314535422910997,0.1596772481155112,0.1946365159459619,-0.034959267830450697,0.8203869008826862,0.052497634965043935,2014-01_to_2015-12,12-month matured target inherited from P3,False,False,0.6101774353174042,0.0013952417971507813,0.16559745982374285,0.0014087800117432714,0.2203548706348084,0.0027904835943015627,0.14505016318143357,0.014627084934077633,0.19671847353359154,-0.002081957587629635,-0.051668310352157965,0.016709042521707268,0.737348966652412,0.08303793423027417,0.03306905229078539,0.019428582674258545,Observed,Derived,P3/P6,Project2_CreditPortfolioMonitoring_GoldCandidate_v2_1_4,Frozen P3 model monitoring on matured outcome population; no retraining,2013-04
2013-05,10350,10350,0,1720,8630,ELIGIBLE,0.5983418442965318,0.14349888167290958,0.19668368859306362,0.16618357487922705,0.19962101266659607,-0.03343743778736902,0.8324954004555838,0.029749047741519388,2014-01_to_2015-12,12-month matured target inherited from P3,False,False,0.611572677114555,-0.013230832818023175,0.16700623983548613,-0.02350735816257654,0.22314535422910997,-0.02646166563604635,0.1596772481155112,0.006506326763715847,0.1946365159459619,0.004984496720634168,-0.034959267830450697,0.001521830043081679,0.8203869008826862,0.012108499572897613,0.052497634965043935,-0.022748587223524547,Observed,Derived,P3/P6,Project2_CreditPortfolioMonitoring_GoldCandidate_v2_1_4,Frozen P3 model monitoring on matured outcome population; no retraining,2013-05
2013-06,10899,10899,0,1761,9138,ELIGIBLE,0.6030157311531718,0.14380819111686305,0.2060314623063435,0.16157445637214424,0.19771697374901526,-0.03614251737687102,0.8172007355182825,0.029684212913832976,2014-01_to_2015-12,12-month matured target inherited from P3,False,False,0.5983418442965318,0.004673886856639942,0.14349888167290958,0.00030930944395346494,0.19668368859306362,0.009347773713279883,0.16618357487922705,-0.0046091185070828156,0.19962101266659607,-0.0019040389175808137,-0.03343743778736902,-0.002705079589502002,0.8324954004555838,-0.01529466493730125,0.029749047741519388,-6.483482768641219e-05,Observed,Derived,P3/P6,Project2_CreditPortfolioMonitoring_GoldCandidate_v2_1_4,Frozen P3 model monitoring on matured outcome population; no retraining,2013-06
2013-07,11910,11910,0,1854,10056,ELIGIBLE,0.5983770282319765,0.14468812835821665,0.19675405646395294,0.15566750629722922,0.19627133540681863,-0.0406038291095894,0.7931239983391951,0.04195047419393931,2014-01_to_2015-12,12-month matured target inherited from P3,False,False,0.6030157311531718,-0.004638702921195281,0.14380819111686305,0.0008799372413536011,0.2060314623063435,-0.009277405842390563,0.16157445637214424,-0.005906950074915013,0.19771697374901526,-0.0014456383421966312,-0.03614251737687102,-0.0044613117327183816,0.8172007355182825,-0.024076737179087426,0.029684212913832976,0.012266261280106334,Observed,Derived,P3/P6,Project2_CreditPortfolioMonitoring_GoldCandidate_v2_1_4,Frozen P3 model monitoring on matured outcome population; no retraining,2013-07
2013-08,12674,12674,0,1941,10733,ELIGIBLE,0.5940799086899365,0.13061538242209275,0.18815981737987308,0.15314817737099573,0.19420580159463174,-0.04105762422363601,0.7885870355750951,0.04553432232195031,2014-01_to_2015-12,12-month matured target inherited from P3,False,False,0.5983770282319765,-0.004297119542039929,0.14468812835821665,-0.014072745936123898,0.19675405646395294,-0.008594239084079858,0.15566750629722922,-0.002519328926233494,0.19627133540681863,-0.0020655338121868816,-0.0406038291095894,-0.0004537951140466123,0.7931239983391951,-0.004536962764099983,0.04195047419393931,0.0035838481280109982,Observed,Derived,P3/P6,Project2_CreditPortfolioMonitoring_GoldCandidate_v2_1_4,Frozen P3 model monitoring on matured outcome population; no retraining,2013-08
2013-09,12987,12987,0,2052,10935,ELIGIBLE,0.5978227493491133,0.1483863980940005,0.19564549869822656,0.158004158004158,0.19698246835394956,-0.038978310349791545,0.8021229469022946,0.03017346175294657,2014-01_to_2015-12,12-month matured target inherited from P3,False,False,0.5940799086899365,0.0037428406591767382,0.13061538242209275,0.017771015671907753,0.18815981737987308,0.0074856813183534765,0.15314817737099573,0.004855980633162282,0.19420580159463174,0.002776666759317814,-0.04105762422363601,0.0020793138738444683,0.7885870355750951,0.013535911327199446,0.04553432232195031,-0.01536086056900374,Observed,Derived,P3/P6,Project2_CreditPortfolioMonitoring_GoldCandidate_v2_1_4,Frozen P3 model monitoring on matured outcome population; no retraining,2013-09
2013-10,14127,14127,0,2217,11910,ELIGIBLE,0.6098682912400817,0.1574075525848464,0.21973658248016337,0.15693353153535783,0.19656684608187489,-0.03963331454651706,0.7983723331959611,0.028969280404754945,2014-01_to_2015-12,12-month matured target inherited from P3,False,False,0.5978227493491133,0.012045541890968403,0.1483863980940005,0.009021154490845895,0.19564549869822656,0.024091083781936806,0.158004158004158,-0.0010706264688001843,0.19698246835394956,-0.00041562227207467273,-0.038978310349791545,-0.0006550041967255116,0.8021229469022946,-0.00375061370633345,0.03017346175294657,-0.0012041813481916235,Observed,Derived,P3/P6,Project2_CreditPortfolioMonitoring_GoldCandidate_v2_1_4,Frozen P3 model monitoring on matured outcome population; no retraining,2013-10
2013-11,14720,14720,0,2266,12454,ELIGIBLE,0.5987122637785426,0.14525893062285627,0.19742452755708517,0.15394021739130434,0.19732139365103843,-0.04338117625973409,0.7801496560659134,0.0268118093621001,2014-01_to_2015-12,12-month matured target inherited from P3,False,False,0.6098682912400817,-0.011156027461539098,0.1574075525848464,-0.012148621961990125,0.21973658248016337,-0.022312054923078195,0.15693353153535783,-0.0029933141440534883,0.19656684608187489,0.0007545475691635439,-0.03963331454651706,-0.003747861713217032,0.7983723331959611,-0.01822267713004777,0.028969280404754945,-0.002157471042654846,Observed,Derived,P3/P6,Project2_CreditPortfolioMonitoring_GoldCandidate_v2_1_4,Frozen P3 model monitoring on matured outcome population; no retraining,2013-11
2013-12,15012,15012,0,2299,12713,ELIGIBLE,0.5980387541230021,0.14575152237538286,0.19607750824600423,0.1531441513455902,0.19667164609849802,-0.04352749475290782,0.7786793591430654,0.029001987425068897,2014-01_to_2015-12,12-month matured target inherited from P3,False,False,0.5987122637785426,-0.0006735096555404718,0.14525893062285627,0.0004925917525265833,0.19742452755708517,-0.0013470193110809436,0.15394021739130434,-0.0007960660457141389,0.19732139365103843,-0.0006497475525404084,-0.04338117625973409,-0.00014631849317373047,0.7801496560659134,-0.0014702969228479468,0.0268118093621001,0.002190178062968798,Observed,Derived,P3/P6,Project2_CreditPortfolioMonitoring_GoldCandidate_v2_1_4,Frozen P3 model monitoring on matured outcome population; no retraining,2013-12
2014-01,15614,15614,0,2477,13137,ELIGIBLE,0.5846677305151214,0.11812719033837038,0.16933546103024288,0.1586396823363648,0.20284186861776932,-0.044202186281404515,0.7820854906207844,0.00889431102072713,2014-01_to_2015-12,12-month matured target inherited from P3,False,False,0.5980387541230021,-0.013371023607880672,0.14575152237538286,-0.027624332037012478,0.19607750824600423,-0.026742047215761344,0.1531441513455902,0.0054955309907746,0.19667164609849802,0.006170222519271296,-0.04352749475290782,-0.0006746915284966959,0.7786793591430654,0.0034061314777189544,0.029001987425068897,-0.020107676404341766,Observed,Derived,P3/P6,Project2_CreditPortfolioMonitoring_GoldCandidate_v2_1_4,Frozen P3 model monitoring on matured outcome population; no retraining,2014-01
2014-02,15205,15205,0,2525,12680,ELIGIBLE,0.5989467158072275,0.13923790486304155,0.19789343161445494,0.16606379480434066,0.2023841596802961,-0.03632036487595544,0.8205375117631227,0.008885656215549096,2014-01_to_2015-12,12-month matured target inherited from P3,False,False,0.5846677305151214,0.014278985292106028,0.11812719033837038,0.02111071452467117,0.16933546103024288,0.028557970584212056,0.1586396823363648,0.007424112467975863,0.20284186861776932,-0.0004577089374732113,-0.044202186281404515,0.007881821405449074,0.7820854906207844,0.038452021142338366,0.00889431102072713,-8.654805178033922e-06,Observed,Derived,P3/P6,Project2_CreditPortfolioMonitoring_GoldCandidate_v2_1_4,Frozen P3 model monitoring on matured outcome population; no retraining,2014-02
2014-03,16194,16194,0,2749,13445,ELIGIBLE,0.5999461584529673,0.13738782729200966,0.19989231690593456,0.16975422996171421,0.20324736736190993,-0.033493137400195716,0.8352099816350557,0.009970047322692459,2014-01_to_2015-12,12-month matured target inherited from P3,False,False,0.5989467158072275,0.000999442645739812,0.13923790486304155,-0.001850077571031894,0.19789343161445494,0.001998885291479624,0.16606379480434066,0.0036904351573735505,0.2023841596802961,0.0008632076816138257,-0.03632036487595544,0.002827227475759725,0.8205375117631227,0.014672469871932936,0.008885656215549096,0.0010843911071433624,Observed,Derived,P3/P6,Project2_CreditPortfolioMonitoring_GoldCandidate_v2_1_4,Frozen P3 model monitoring on matured outcome population; no retraining,2014-03
2014-04,18172,18172,0,3320,14852,ELIGIBLE,0.603743593414866,0.1467913128409139,0.2074871868297321,0.18269865727492846,0.20139996392293272,-0.018701306648004262,0.9071434458887964,0.011212761837049636,2014-01_to_2015-12,12-month matured target inherited from P3,False,False,0.5999461584529673,0.0037974349618987713,0.13738782729200966,0.009403485548904245,0.19989231690593456,0.0075948699237975426,0.16975422996171421,0.01294442731321424,0.20324736736190993,-0.0018474034389772132,-0.033493137400195716,0.014791830752191454,0.8352099816350557,0.0719334642537407,0.009970047322692459,0.0012427145143571773,Observed,Derived,P3/P6,Project2_CreditPortfolioMonitoring_GoldCandidate_v2_1_4,Frozen P3 model monitoring on matured outcome population; no retraining,2014-04
2014-05,18098,18098,0,3321,14777,ELIGIBLE,0.5959341401855064,0.13826902925815704,0.19186828037101278,0.18350093933031275,0.20084330297246017,-0.017342363642147418,0.913652268283372,0.009494110492903511,2014-01_to_2015-12,12-month matured target inherited from P3,False,False,0.603743593414866,-0.007809453229359664,0.1467913128409139,-0.008522283582756862,0.2074871868297321,-0.015618906458719328,0.18269865727492846,0.0008022820553842958,0.20139996392293272,-0.0005566609504725484,-0.018701306648004262,0.0013589430058568441,0.9071434458887964,0.00650882239457562,0.011212761837049636,-0.0017186513441461247,Observed,Derived,P3/P6,Project2_CreditPortfolioMonitoring_GoldCandidate_v2_1_4,Frozen P3 model monitoring on matured outcome population; no retraining,2014-05
2014-06,16186,16186,0,3125,13061,ELIGIBLE,0.5980143266212389,0.14171281218895948,0.19602865324247776,0.19306808352897567,0.20202778688456302,-0.00895970335558735,0.9556511334715216,0.006467378022386052,2014-01_to_2015-12,12-month matured target inherited from P3,False,False,0.5959341401855064,0.0020801864357324895,0.13826902925815704,0.0034437829308024415,0.19186828037101278,0.004160372871464979,0.18350093933031275,0.009567144198662919,0.20084330297246017,0.0011844839121028516,-0.017342363642147418,0.008382660286560067,0.913652268283372,0.04199886518814966,0.009494110492903511,-0.003026732470517459,Observed,Derived,P3/P6,Project2_CreditPortfolioMonitoring_GoldCandidate_v2_1_4,Frozen P3 model monitoring on matured outcome population; no retraining,2014-06
2014-07,27547,27547,0,5174,22373,ELIGIBLE,0.6053940792741734,0.1494193804583639,0.21078815854834687,0.18782444549315716,0.2039125277659621,-0.01608808227280495,0.9211030217266992,0.0038192443509308793,2014-01_to_2015-12,12-month matured target inherited from P3,False,False,0.5980143266212389,0.007379752652934557,0.14171281218895948,0.007706568269404412,0.19602865324247776,0.014759505305869114,0.19306808352897567,-0.00524363803581851,0.20202778688456302,0.0018847408813990885,-0.00895970335558735,-0.007128378917217598,0.9556511334715216,-0.03454811174482242,0.006467378022386052,-0.002648133671455173,Observed,Derived,P3/P6,Project2_CreditPortfolioMonitoring_GoldCandidate_v2_1_4,Frozen P3 model monitoring on matured outcome population; no retraining,2014-07
2014-08,17730,17730,0,3336,14394,ELIGIBLE,0.613401608850477,0.16971987228891328,0.22680321770095402,0.18815566835871406,0.20336748336258337,-0.015211815003869311,0.9252003577349276,0.0072208125441408704,2014-01_to_2015-12,12-month matured target inherited from P3,False,False,0.6053940792741734,0.008007529576303574,0.1494193804583639,0.020300491830549383,0.21078815854834687,0.016015059152607147,0.18782444549315716,0.00033122286555689606,0.2039125277659621,-0.0005450444033787416,-0.01608808227280495,0.0008762672689356377,0.9211030217266992,0.004097336008228369,0.0038192443509308793,0.003401568193209991,Observed,Derived,P3/P6,Project2_CreditPortfolioMonitoring_GoldCandidate_v2_1_4,Frozen P3 model monitoring on matured outcome population; no retraining,2014-08
2014-09,9960,9960,0,1879,8081,ELIGIBLE,0.6362975419381688,0.19850036211985894,0.2725950838763376,0.18865461847389559,0.20315585061934696,-0.014501232145451376,0.9286201598366846,0.009335475156645267,2014-01_to_2015-12,12-month matured target inherited from P3,False,False,0.613401608850477,0.022895933087691778,0.16971987228891328,0.028780489830945666,0.22680321770095402,0.045791866175383555,0.18815566835871406,0.000498950115181529,0.20336748336258337,-0.00021163274323640624,-0.015211815003869311,0.0007105828584179352,0.9252003577349276,0.0034198021017569635,0.0072208125441408704,0.002114662612504397,Observed,Derived,P3/P6,Project2_CreditPortfolioMonitoring_GoldCandidate_v2_1_4,Frozen P3 model monitoring on matured outcome population; no retraining,2014-09
2014-10,36072,36072,0,7103,28969,ELIGIBLE,0.6119483109829273,0.15961822744326298,0.2238966219658547,0.1969117320913728,0.2135060329062554,-0.016594300814882584,0.9222771338636193,0.013361877816558534,2014-01_to_2015-12,12-month matured target inherited from P3,False,False,0.6362975419381688,-0.02434923095524144,0.19850036211985894,-0.03888213467659596,0.2725950838763376,-0.04869846191048288,0.18865461847389559,0.008257113617477219,0.20315585061934696,0.010350182286908427,-0.014501232145451376,-0.0020930686694312084,0.9286201598366846,-0.006343025973065242,0.009335475156645267,0.0040264026599132665,Observed,Derived,P3/P6,Project2_CreditPortfolioMonitoring_GoldCandidate_v2_1_4,Frozen P3 model monitoring on matured outcome population; no retraining,2014-10
2014-11,22957,22957,0,4421,18536,ELIGIBLE,0.6162626970074654,0.16214894541950053,0.23252539401493078,0.19257742736420264,0.21100024209561152,-0.018422814731408887,0.9126881820208487,0.0068515169459298746,2014-01_to_2015-12,12-month matured target inherited from P3,False,False,0.6119483109829273,0.004314386024538042,0.15961822744326298,0.002530717976237551,0.2238966219658547,0.008628772049076083,0.1969117320913728,-0.0043343047271701685,0.2135060329062554,-0.0025057908106438653,-0.016594300814882584,-0.0018285139165263031,0.9222771338636193,-0.009588951842770643,0.013361877816558534,-0.006510360870628659,Observed,Derived,P3/P6,Project2_CreditPortfolioMonitoring_GoldCandidate_v2_1_4,Frozen P3 model monitoring on matured outcome population; no retraining,2014-11
2014-12,9367,9367,0,1731,7636,ELIGIBLE,0.617817665054007,0.17008936961015642,0.23563533010801407,0.18479769403224083,0.2016742999239541,-0.016876605891713276,0.9163175184042935,0.00911125146171309,2014-01_to_2015-12,12-month matured target inherited from P3,False,False,0.6162626970074654,0.0015549680465416493,0.16214894541950053,0.007940424190655881,0.23252539401493078,0.0031099360930832987,0.19257742736420264,-0.007779733331961802,0.21100024209561152,-0.009325942171657414,-0.018422814731408887,0.001546208839695612,0.9126881820208487,0.00362933638344487,0.0068515169459298746,0.002259734515783216,Observed,Derived,P3/P6,Project2_CreditPortfolioMonitoring_GoldCandidate_v2_1_4,Frozen P3 model monitoring on matured outcome population; no retraining,2014-12
2015-01,32216,32216,0,6458,25758,ELIGIBLE,0.6116140683236213,0.16551928134201727,0.22322813664724261,0.2004593990563695,0.2113291159323617,-0.010869716875992197,0.9485649820279797,0.004458116506436766,2014-01_to_2015-12,12-month matured target inherited from P3,False,False,0.617817665054007,-0.00620359673038573,0.17008936961015642,-0.00457008826813915,0.23563533010801407,-0.01240719346077146,0.18479769403224083,0.01566170502412867,0.2016742999239541,0.00965481600840759,-0.016876605891713276,0.006006889015721079,0.9163175184042935,0.032247463623686135,0.00911125146171309,-0.004653134955276325,Observed,Derived,P3/P6,Project2_CreditPortfolioMonitoring_GoldCandidate_v2_1_4,Frozen P3 model monitoring on matured outcome population; no retraining,2015-01
2015-02,21656,21656,0,4198,17458,ELIGIBLE,0.6197187208328097,0.16839311782430155,0.2394374416656193,0.19384927964536386,0.20960092700366653,-0.015751647358302673,0.9248493430659916,0.0022926661310577155,2014-01_to_2015-12,12-month matured target inherited from P3,False,False,0.6116140683236213,0.008104652509188348,0.16551928134201727,0.0028738364822842866,0.22322813664724261,0.016209305018376696,0.2004593990563695,-0.006610119411005644,0.2113291159323617,-0.001728188928695168,-0.010869716875992197,-0.004881930482310476,0.9485649820279797,-0.023715638961988028,0.004458116506436766,-0.00216545037537905,Observed,Derived,P3/P6,Project2_CreditPortfolioMonitoring_GoldCandidate_v2_1_4,Frozen P3 model monitoring on matured outcome population; no retraining,2015-02
2015-03,22931,22931,0,4779,18152,ELIGIBLE,0.6109711892349656,0.15770533794695113,0.22194237846993126,0.20840783219222886,0.21112293713880834,-0.0027151049465794774,0.9871396969776223,0.0042296210684421645,2014-01_to_2015-12,12-month matured target inherited from P3,False,False,0.6197187208328097,-0.008747531597844027,0.16839311782430155,-0.010687779877350423,0.2394374416656193,-0.017495063195688054,0.19384927964536386,0.014558552546865,0.20960092700366653,0.0015220101351418047,-0.015751647358302673,0.013036542411723195,0.9248493430659916,0.062290353911630625,0.0022926661310577155,0.001936954937384449,Observed,Derived,P3/P6,Project2_CreditPortfolioMonitoring_GoldCandidate_v2_1_4,Frozen P3 model monitoring on matured outcome population; no retraining,2015-03
2015-04,31785,31785,0,6509,25276,ELIGIBLE,0.6139752392459576,0.16192687637074799,0.2279504784919153,0.20478212993550418,0.2089717531951113,-0.004189623259607117,0.979951246062929,0.0014798466252406931,2014-01_to_2015-12,12-month matured target inherited from P3,False,False,0.6109711892349656,0.003004050010992021,0.15770533794695113,0.004221538423796856,0.22194237846993126,0.006008100021984042,0.20840783219222886,-0.0036257022567246777,0.21112293713880834,-0.002151183943697038,-0.0027151049465794774,-0.0014745183130276396,0.9871396969776223,-0.007188450914693223,0.0042296210684421645,-0.002749774443201471,Observed,Derived,P3/P6,Project2_CreditPortfolioMonitoring_GoldCandidate_v2_1_4,Frozen P3 model monitoring on matured outcome population; no retraining,2015-04
2015-05,28711,28711,0,5882,22829,ELIGIBLE,0.6149264562339201,0.16088876498212568,0.22985291246784012,0.20486921389014665,0.2089428005161062,-0.004073586625959552,0.9805038191509952,0.0017255165097549948,2014-01_to_2015-12,12-month matured target inherited from P3,False,False,0.6139752392459576,0.000951216987962411,0.16192687637074799,-0.0010381113886223092,0.2279504784919153,0.001902433975924822,0.20478212993550418,8.708395464246399e-05,0.2089717531951113,-2.89526790051009e-05,-0.004189623259607117,0.00011603663364756489,0.979951246062929,0.0005525730880661106,0.0014798466252406931,0.00024566988451430165,Observed,Derived,P3/P6,Project2_CreditPortfolioMonitoring_GoldCandidate_v2_1_4,Frozen P3 model monitoring on matured outcome population; no retraining,2015-05
2015-06,25446,25446,0,5294,20152,ELIGIBLE,0.6190522861162607,0.1695638834318942,0.23810457223252146,0.20804841625402815,0.20822772424624833,-0.00017930799222018456,0.9991388851178715,0.0021989506646859424,2014-01_to_2015-12,12-month matured target inherited from P3,False,False,0.6149264562339201,0.00412582988234067,0.16088876498212568,0.008675118449768537,0.22985291246784012,0.00825165976468134,0.20486921389014665,0.0031792023638815003,0.2089428005161062,-0.0007150762698578672,-0.004073586625959552,0.0038942786337393676,0.9805038191509952,0.018635065966876363,0.0017255165097549948,0.00047343415493094764,Observed,Derived,P3/P6,Project2_CreditPortfolioMonitoring_GoldCandidate_v2_1_4,Frozen P3 model monitoring on matured outcome population; no retraining,2015-06
2015-07,41053,41053,0,8300,32753,ELIGIBLE,0.6242582800287952,0.18127995265034125,0.24851656005759049,0.20217767276447518,0.208247709454134,-0.006070036689658831,0.9708518441543976,0.002248662539891982,2014-01_to_2015-12,12-month matured target inherited from P3,False,False,0.6190522861162607,0.005205993912534512,0.1695638834318942,0.011716069218447034,0.23810457223252146,0.010411987825069025,0.20804841625402815,-0.005870743489552965,0.20822772424624833,1.9985207885681033e-05,-0.00017930799222018456,-0.005890728697438646,0.9991388851178715,-0.028287040963473897,0.0021989506646859424,4.971187520603961e-05,Observed,Derived,P3/P6,Project2_CreditPortfolioMonitoring_GoldCandidate_v2_1_4,Frozen P3 model monitoring on matured outcome population; no retraining,2015-07
2015-08,31701,31701,0,6339,25362,ELIGIBLE,0.6320107434660053,0.18693690188596335,0.26402148693201055,0.199962146304533,0.20534578366172146,-0.00538363735718847,0.9737825765828372,0.0012782228188752763,2014-01_to_2015-12,12-month matured target inherited from P3,False,False,0.6242582800287952,0.007752463437210033,0.18127995265034125,0.0056569492356221,0.24851656005759049,0.015504926874420066,0.20217767276447518,-0.002215526459942191,0.208247709454134,-0.002901925792412552,-0.006070036689658831,0.000686399332470361,0.9708518441543976,0.002930732428439553,0.002248662539891982,-0.0009704397210167058,Observed,Derived,P3/P6,Project2_CreditPortfolioMonitoring_GoldCandidate_v2_1_4,Frozen P3 model monitoring on matured outcome population; no retraining,2015-08
2015-09,25150,25150,0,5180,19970,ELIGIBLE,0.635727437681619,0.20011484408079305,0.271454875363238,0.20596421471172963,0.20506168454126972,0.0009025301704599087,1.0044012618567866,0.0027296133945410635,2014-01_to_2015-12,12-month matured target inherited from P3,False,False,0.6320107434660053,0.003716694215613714,0.18693690188596335,0.013177942194829706,0.26402148693201055,0.007433388431227428,0.199962146304533,0.006002068407196637,0.20534578366172146,-0.0002840991204517418,-0.00538363735718847,0.006286167527648379,0.9737825765828372,0.030618685273949398,0.0012782228188752763,0.0014513905756657873,Observed,Derived,P3/P6,Project2_CreditPortfolioMonitoring_GoldCandidate_v2_1_4,Frozen P3 model monitoring on matured outcome population; no retraining,2015-09
2015-10,42986,42986,0,8188,34798,ELIGIBLE,0.6248344675599025,0.17903840893101436,0.24966893511980492,0.1904806215977295,0.20540097791308284,-0.01492035631535335,0.9273598574507906,0.0015201880043387,2014-01_to_2015-12,12-month matured target inherited from P3,False,False,0.635727437681619,-0.010892970121716528,0.20011484408079305,-0.021076435149778694,0.271454875363238,-0.021785940243433055,0.20596421471172963,-0.015483593114000133,0.20506168454126972,0.00033929337181312635,0.0009025301704599087,-0.01582288648581326,1.0044012618567866,-0.07704140440599594,0.0027296133945410635,-0.0012094253902023636,Observed,Derived,P3/P6,Project2_CreditPortfolioMonitoring_GoldCandidate_v2_1_4,Frozen P3 model monitoring on matured outcome population; no retraining,2015-10
2015-11,32907,32907,0,6539,26368,ELIGIBLE,0.6229321118657732,0.17381018918230717,0.24586422373154648,0.1987115203452153,0.20579646909654736,-0.00708494875133206,0.9655730305654164,0.0015905702422470867,2014-01_to_2015-12,12-month matured target inherited from P3,False,False,0.6248344675599025,-0.0019023556941292208,0.17903840893101436,-0.005228219748707186,0.24966893511980492,-0.0038047113882584416,0.1904806215977295,0.00823089874748581,0.20540097791308284,0.00039549118346451917,-0.01492035631535335,0.00783540756402129,0.9273598574507906,0.0382131731146258,0.0015201880043387,7.03822379083867e-05,Observed,Derived,P3/P6,Project2_CreditPortfolioMonitoring_GoldCandidate_v2_1_4,Frozen P3 model monitoring on matured outcome population; no retraining,2015-11
2015-12,39001,39001,0,8136,30865,ELIGIBLE,0.628832335315034,0.18634129804660476,0.25766467063006804,0.2086100356401118,0.2073287831985659,0.0012812524415458937,1.0061798097773949,0.001476584577369867,2014-01_to_2015-12,12-month matured target inherited from P3,False,False,0.6229321118657732,0.0059002234492607775,0.17381018918230717,0.012531108864297591,0.24586422373154648,0.011800446898521555,0.1987115203452153,0.009898515294896493,0.20579646909654736,0.0015323141020185393,-0.00708494875133206,0.008366201192877953,0.9655730305654164,0.04060677921197842,0.0015905702422470867,-0.00011398566487721973,Observed,Derived,P3/P6,Project2_CreditPortfolioMonitoring_GoldCandidate_v2_1_4,Frozen P3 model monitoring on matured outcome population; no retraining,2015-12
2016-01,28396,28396,0,5461,22935,ELIGIBLE,0.6368978164008721,0.19149787060531526,0.2737956328017441,0.19231581912945486,0.20252353371845863,-0.010207714589003769,0.9495973904781151,0.013148325886278395,2014-01_to_2015-12,12-month matured target inherited from P3,False,False,0.628832335315034,0.008065481085838044,0.18634129804660476,0.005156572558710493,0.25766467063006804,0.01613096217167609,0.2086100356401118,-0.016294216510656934,0.2073287831985659,-0.004805249480107271,0.0012812524415458937,-0.011488967030549663,1.0061798097773949,-0.05658241929927976,0.001476584577369867,0.011671741308908528,Observed,Derived,P3/P6,Project2_CreditPortfolioMonitoring_GoldCandidate_v2_1_4,Frozen P3 model monitoring on matured outcome population; no retraining,2016-01
2016-02,34597,34597,0,6733,27864,ELIGIBLE,0.6234489866312534,0.17353976832327128,0.24689797326250673,0.1946122496170188,0.20713640518453508,-0.012524155567516265,0.9395366760548023,0.013574478072470657,2014-01_to_2015-12,12-month matured target inherited from P3,False,False,0.6368978164008721,-0.013448829769618698,0.19149787060531526,-0.017958102282043975,0.2737956328017441,-0.026897659539237395,0.19231581912945486,0.0022964304875639496,0.20252353371845863,0.004612871466076446,-0.010207714589003769,-0.002316440978512496,0.9495973904781151,-0.0100607144233128,0.013148325886278395,0.0004261521861922621,Observed,Derived,P3/P6,Project2_CreditPortfolioMonitoring_GoldCandidate_v2_1_4,Frozen P3 model monitoring on matured outcome population; no retraining,2016-02
2016-03,48927,48927,0,10590,38337,ELIGIBLE,0.632038072328246,0.18957342003719663,0.2640761446564921,0.216444907719664,0.2066025319255769,0.009842375794087088,1.0476391828423117,0.01517984146088856,2014-01_to_2015-12,12-month matured target inherited from P3,False,False,0.6234489866312534,0.008589085696992682,0.17353976832327128,0.016033651713925345,0.24689797326250673,0.017178171393985364,0.1946122496170188,0.021832658102645175,0.20713640518453508,-0.0005338732589581785,-0.012524155567516265,0.022366531361603353,0.9395366760548023,0.10810250678750943,0.013574478072470657,0.0016053633884179023,Observed,Derived,P3/P6,Project2_CreditPortfolioMonitoring_GoldCandidate_v2_1_4,Frozen P3 model monitoring on matured outcome population; no retraining,2016-03
2016-04,24099,24099,0,6171,17928,ELIGIBLE,0.6290828251156194,0.17854109681311536,0.25816565023123883,0.25606871654425495,0.20467694596671182,0.05139177057754313,1.2510872454873416,0.012496895063709225,2014-01_to_2015-12,12-month matured target inherited from P3,False,False,0.632038072328246,-0.0029552472126266327,0.18957342003719663,-0.011032323224081264,0.2640761446564921,-0.005910494425253265,0.216444907719664,0.03962380882459096,0.2066025319255769,-0.001925585958865078,0.009842375794087088,0.04154939478345604,1.0476391828423117,0.2034480626450299,0.01517984146088856,-0.002682946397179335,Observed,Derived,P3/P6,Project2_CreditPortfolioMonitoring_GoldCandidate_v2_1_4,Frozen P3 model monitoring on matured outcome population; no retraining,2016-04
2016-05,18106,18106,0,4739,13367,ELIGIBLE,0.6258370251746541,0.1848437569582888,0.25167405034930823,0.26173644095879817,0.2086816818688441,0.05305475908995408,1.2542377395793602,0.011758470704314117,2014-01_to_2015-12,12-month matured target inherited from P3,False,False,0.6290828251156194,-0.0032457999409652993,0.17854109681311536,0.006302660145173444,0.25816565023123883,-0.006491599881930599,0.25606871654425495,0.005667724414543218,0.20467694596671182,0.004004735902132267,0.05139177057754313,0.0016629885124109511,1.2510872454873416,0.0031504940920186186,0.012496895063709225,-0.0007384243593951071,Observed,Derived,P3/P6,Project2_CreditPortfolioMonitoring_GoldCandidate_v2_1_4,Frozen P3 model monitoring on matured outcome population; no retraining,2016-05
2016-06,20732,20732,0,5040,15692,ELIGIBLE,0.6292022094971049,0.19263222792728268,0.25840441899420985,0.24310245031834846,0.199217432209276,0.04388501810907244,1.2202870382496027,0.014122665147444969,2014-01_to_2015-12,12-month matured target inherited from P3,False,False,0.6258370251746541,0.0033651843224508093,0.1848437569582888,0.007788470968993877,0.25167405034930823,0.006730368644901619,0.26173644095879817,-0.01863399064044971,0.2086816818688441,-0.009464249659568075,0.05305475908995408,-0.009169740980881635,1.2542377395793602,-0.03395070132975753,0.011758470704314117,0.0023641944431308515,Observed,Derived,P3/P6,Project2_CreditPortfolioMonitoring_GoldCandidate_v2_1_4,Frozen P3 model monitoring on matured outcome population; no retraining,2016-06
2016-07,21724,21724,0,5781,15943,ELIGIBLE,0.6148237098295266,0.162046999232899,0.22964741965905322,0.26611121340452953,0.20433042843901658,0.06178078496551295,1.302357242812476,0.0019250264817534317,2014-01_to_2015-12,12-month matured target inherited from P3,False,False,0.6292022094971049,-0.014378499667578315,0.19263222792728268,-0.03058522869438368,0.25840441899420985,-0.02875699933515663,0.24310245031834846,0.023008763086181078,0.199217432209276,0.0051129962297405684,0.04388501810907244,0.01789576685644051,1.2202870382496027,0.08207020456287317,0.014122665147444969,-0.012197638665691537,Observed,Derived,P3/P6,Project2_CreditPortfolioMonitoring_GoldCandidate_v2_1_4,Frozen P3 model monitoring on matured outcome population; no retraining,2016-07
2016-08,22258,22258,0,5822,16436,ELIGIBLE,0.6203042568787889,0.16613450595959517,0.24060851375757775,0.2615688741126786,0.2040183166326355,0.05755055748004309,1.2820852481773546,0.002360068802968946,2014-01_to_2015-12,12-month matured target inherited from P3,False,False,0.6148237098295266,0.005480547049262263,0.162046999232899,0.004087506726696166,0.22964741965905322,0.010961094098524526,0.26611121340452953,-0.004542339291850939,0.20433042843901658,-0.00031211180638107683,0.06178078496551295,-0.004230227485469862,1.302357242812476,-0.020271994635121304,0.0019250264817534317,0.0004350423212155143,Observed,Derived,P3/P6,Project2_CreditPortfolioMonitoring_GoldCandidate_v2_1_4,Frozen P3 model monitoring on matured outcome population; no retraining,2016-08
2016-09,16906,16906,0,4202,12704,ELIGIBLE,0.6227589162291676,0.17363230835262566,0.24551783245833514,0.24855081036318466,0.2009518240674524,0.047598986295732254,1.23686764982912,0.00839190031623951,2014-01_to_2015-12,12-month matured target inherited from P3,False,False,0.6203042568787889,0.002454659350378696,0.16613450595959517,0.007497802393030495,0.24060851375757775,0.004909318700757392,0.2615688741126786,-0.013018063749493936,0.2040183166326355,-0.0030664925651830988,0.05755055748004309,-0.009951571184310837,1.2820852481773546,-0.04521759834823458,0.002360068802968946,0.006031831513270563,Observed,Derived,P3/P6,Project2_CreditPortfolioMonitoring_GoldCandidate_v2_1_4,Frozen P3 model monitoring on matured outcome population; no retraining,2016-09
2016-10,18952,18952,0,4253,14699,ELIGIBLE,0.6189503990947942,0.1683287491689774,0.23790079818958842,0.22440903334740397,0.20085427788515786,0.023554755462246113,1.1172728592602543,0.00825320028899383,2014-01_to_2015-12,12-month matured target inherited from P3,False,False,0.6227589162291676,-0.003808517134373357,0.17363230835262566,-0.0053035591836482765,0.24551783245833514,-0.007617034268746714,0.24855081036318466,-0.024141777015780685,0.2009518240674524,-9.754618229454448e-05,0.047598986295732254,-0.02404423083348614,1.23686764982912,-0.11959479056886568,0.00839190031623951,-0.00013870002724567995,Observed,Derived,P3/P6,Project2_CreditPortfolioMonitoring_GoldCandidate_v2_1_4,Frozen P3 model monitoring on matured outcome population; no retraining,2016-10
2016-11,18994,18994,0,4610,14384,ELIGIBLE,0.6170938078342048,0.16660419265561394,0.2341876156684095,0.24270822364957356,0.20307083545170346,0.039637388197870105,1.1951899597482925,0.004720389305426763,2014-01_to_2015-12,12-month matured target inherited from P3,False,False,0.6189503990947942,-0.0018565912605894574,0.1683287491689774,-0.001724556513363451,0.23790079818958842,-0.003713182521178915,0.22440903334740397,0.018299190302169588,0.20085427788515786,0.002216557566545596,0.023554755462246113,0.016082632735623992,1.1172728592602543,0.07791710048803813,0.00825320028899383,-0.0035328109835670663,Observed,Derived,P3/P6,Project2_CreditPortfolioMonitoring_GoldCandidate_v2_1_4,Frozen P3 model monitoring on matured outcome population; no retraining,2016-11
2016-12,19366,19366,0,4827,14539,ELIGIBLE,0.6187100430518757,0.17314411180672007,0.23742008610375143,0.24925126510379014,0.20533591762773726,0.043915347476052885,1.2138707537551663,0.003456341048649273,2014-01_to_2015-12,12-month matured target inherited from P3,False,False,0.6170938078342048,0.0016162352176709582,0.16660419265561394,0.006539919151106133,0.2341876156684095,0.0032324704353419165,0.24270822364957356,0.0065430414542165805,0.20307083545170346,0.0022650821760338002,0.039637388197870105,0.00427795927818278,1.1951899597482925,0.018680794006873835,0.004720389305426763,-0.0012640482567774902,Observed,Derived,P3/P6,Project2_CreditPortfolioMonitoring_GoldCandidate_v2_1_4,Frozen P3 model monitoring on matured outcome population; no retraining,2016-12
2017-01,16391,16391,0,3718,12673,ELIGIBLE,0.6281467289910436,0.17890077497419565,0.25629345798208725,0.22683179793789274,0.2006212076238986,0.026210590313994142,1.1306471565216112,0.011979907003528637,2014-01_to_2015-12,12-month matured target inherited from P3,False,False,0.6187100430518757,0.00943668593916791,0.17314411180672007,0.005756663167475584,0.23742008610375143,0.01887337187833582,0.24925126510379014,-0.022419467165897405,0.20533591762773726,-0.0047147100038386625,0.043915347476052885,-0.017704757162058743,1.2138707537551663,-0.0832235972335551,0.003456341048649273,0.008523565954879363,Observed,Derived,P3/P6,Project2_CreditPortfolioMonitoring_GoldCandidate_v2_1_4,Frozen P3 model monitoring on matured outcome population; no retraining,2017-01
2017-02,13466,13466,0,3127,10339,ELIGIBLE,0.625427554974933,0.17916738336308946,0.25085510994986593,0.23221446606267637,0.20032807109530887,0.031886394967367504,1.1591708780153787,0.010447361426376832,2014-01_to_2015-12,12-month matured target inherited from P3,False,False,0.6281467289910436,-0.0027191740161106592,0.17890077497419565,0.00026660838889380756,0.25629345798208725,-0.0054383480322213185,0.22683179793789274,0.005382668124783635,0.2006212076238986,-0.00029313652858972694,0.026210590313994142,0.005675804653373362,1.1306471565216112,0.028523721493767473,0.011979907003528637,-0.0015325455771518053,Observed,Derived,P3/P6,Project2_CreditPortfolioMonitoring_GoldCandidate_v2_1_4,Frozen P3 model monitoring on matured outcome population; no retraining,2017-02
2017-03,17001,17001,0,3900,13101,ELIGIBLE,0.6240312542201711,0.18357518216460283,0.24806250844034228,0.2293982706899594,0.19825721534553534,0.031141055344424073,1.1570740075721806,0.017104777822620397,2014-01_to_2015-12,12-month matured target inherited from P3,False,False,0.625427554974933,-0.0013963007547618256,0.17916738336308946,0.004407798801513374,0.25085510994986593,-0.002792601509523651,0.23221446606267637,-0.002816195372716962,0.20032807109530887,-0.0020708557497735314,0.031886394967367504,-0.0007453396229434306,1.1591708780153787,-0.0020968704431980623,0.010447361426376832,0.006657416396243565,Observed,Derived,P3/P6,Project2_CreditPortfolioMonitoring_GoldCandidate_v2_1_4,Frozen P3 model monitoring on matured outcome population; no retraining,2017-03
2017-04,13095,13095,0,3117,9978,ELIGIBLE,0.6359788615480204,0.18956912136440301,0.2719577230960408,0.23802978235967925,0.19813924213873474,0.039890540220944515,1.2013257938728443,0.023067042472710606,2014-01_to_2015-12,12-month matured target inherited from P3,False,False,0.6240312542201711,0.011947607327849274,0.18357518216460283,0.00599393919980018,0.24806250844034228,0.02389521465569855,0.2293982706899594,0.008631511669719844,0.19825721534553534,-0.00011797320680059786,0.031141055344424073,0.008749484876520441,1.1570740075721806,0.04425178630066373,0.017104777822620397,0.005962264650090209,Observed,Derived,P3/P6,Project2_CreditPortfolioMonitoring_GoldCandidate_v2_1_4,Frozen P3 model monitoring on matured outcome population; no retraining,2017-04
2017-05,16143,16143,0,3866,12277,ELIGIBLE,0.6276900125870991,0.1860493848645769,0.2553800251741982,0.23948460633091742,0.19946847397039483,0.040016132360522594,1.2006138191364606,0.020929806467693157,2014-01_to_2015-12,12-month matured target inherited from P3,False,False,0.6359788615480204,-0.008288848960921302,0.18956912136440301,-0.0035197364998261205,0.2719577230960408,-0.016577697921842605,0.23802978235967925,0.0014548239712381672,0.19813924213873474,0.0013292318316600882,0.039890540220944515,0.00012559213957807902,1.2013257938728443,-0.0007119747363837359,0.023067042472710606,-0.002137236005017449,Observed,Derived,P3/P6,Project2_CreditPortfolioMonitoring_GoldCandidate_v2_1_4,Frozen P3 model monitoring on matured outcome population; no retraining,2017-05
2017-06,15218,15218,0,3598,11620,ELIGIBLE,0.6387747448142446,0.20125973599791042,0.27754948962848913,0.23643054277828887,0.19689567075197273,0.03953487202631614,1.200790966481522,0.027652336295446042,2014-01_to_2015-12,12-month matured target inherited from P3,False,False,0.6276900125870991,0.011084732227145455,0.1860493848645769,0.015210351133333522,0.2553800251741982,0.02216946445429091,0.23948460633091742,-0.0030540635526285498,0.19946847397039483,-0.0025728032184220984,0.040016132360522594,-0.0004812603342064514,1.2006138191364606,0.000177147345061357,0.020929806467693157,0.006722529827752885,Observed,Derived,P3/P6,Project2_CreditPortfolioMonitoring_GoldCandidate_v2_1_4,Frozen P3 model monitoring on matured outcome population; no retraining,2017-06
2017-07,14942,14942,0,3598,11344,ELIGIBLE,0.6350075554237544,0.19804780080768902,0.27001511084750884,0.2407977513050462,0.1987821117663146,0.04201563953873158,1.2113652942178448,0.026600730544667238,2014-01_to_2015-12,12-month matured target inherited from P3,False,False,0.6387747448142446,-0.0037671893904901443,0.20125973599791042,-0.0032119351902213933,0.27754948962848913,-0.007534378780980289,0.23643054277828887,0.004367208526757316,0.19689567075197273,0.0018864410143418775,0.03953487202631614,0.0024807675124154382,1.200790966481522,0.01057432773632283,0.027652336295446042,-0.0010516057507788043,Observed,Derived,P3/P6,Project2_CreditPortfolioMonitoring_GoldCandidate_v2_1_4,Frozen P3 model monitoring on matured outcome population; no retraining,2017-07
2017-08,15463,15463,0,3541,11922,ELIGIBLE,0.6284668712440902,0.18615927277657784,0.25693374248818035,0.22899825389639786,0.19639141368283056,0.0326068402135673,1.1660298665919626,0.03152326091253084,2014-01_to_2015-12,12-month matured target inherited from P3,False,False,0.6350075554237544,-0.006540684179664247,0.19804780080768902,-0.011888528031111179,0.27001511084750884,-0.013081368359328494,0.2407977513050462,-0.01179949740864833,0.1987821117663146,-0.0023906980834840497,0.04201563953873158,-0.00940879932516428,1.2113652942178448,-0.04533542762588216,0.026600730544667238,0.004922530367863602,Observed,Derived,P3/P6,Project2_CreditPortfolioMonitoring_GoldCandidate_v2_1_4,Frozen P3 model monitoring on matured outcome population; no retraining,2017-08
2017-09,13372,13372,0,3339,10033,ELIGIBLE,0.6287575349952524,0.18786381699899163,0.2575150699905049,0.24970086748429554,0.19694105401067982,0.05275981347361572,1.2678964715541465,0.04786206812231142,2014-01_to_2015-12,12-month matured target inherited from P3,False,False,0.6284668712440902,0.00029066375116226784,0.18615927277657784,0.0017045442224137841,0.25693374248818035,0.0005813275023245357,0.22899825389639786,0.020702613587897684,0.19639141368283056,0.0005496403278492656,0.0326068402135673,0.020152973260048418,1.1660298665919626,0.10186660496218392,0.03152326091253084,0.01633880720978058,Observed,Derived,P3/P6,Project2_CreditPortfolioMonitoring_GoldCandidate_v2_1_4,Frozen P3 model monitoring on matured outcome population; no retraining,2017-09
2017-10,11895,11895,0,2639,9256,ELIGIBLE,0.6144819103645438,0.16842224029360803,0.2289638207290876,0.22185792349726777,0.19011000870268932,0.03174791479457845,1.1669975979235718,0.07955877607624422,2014-01_to_2015-12,12-month matured target inherited from P3,False,False,0.6287575349952524,-0.014275624630708639,0.18786381699899163,-0.0194415767053836,0.2575150699905049,-0.028551249261417277,0.24970086748429554,-0.027842943987027774,0.19694105401067982,-0.006831045307990502,0.05275981347361572,-0.021011898679037272,1.2678964715541465,-0.1008988736305747,0.04786206812231142,0.0316967079539328,Observed,Derived,P3/P6,Project2_CreditPortfolioMonitoring_GoldCandidate_v2_1_4,Frozen P3 model monitoring on matured outcome population; no retraining,2017-10
2017-11,12086,12086,0,2524,9562,ELIGIBLE,0.6099854490387366,0.16466179021489907,0.21997089807747328,0.2088366705278835,0.18746047324197712,0.021376197285906368,1.1140304242074202,0.1005491876977432,2014-01_to_2015-12,12-month matured target inherited from P3,False,True,0.6144819103645438,-0.004496461325807166,0.16842224029360803,-0.0037604500787089545,0.2289638207290876,-0.008992922651614332,0.22185792349726777,-0.013021252969384278,0.19011000870268932,-0.002649535460712199,0.03174791479457845,-0.01037171750867208,1.1669975979235718,-0.05296717371615167,0.07955877607624422,0.020990411621498978,Observed,Derived,P3/P6,Project2_CreditPortfolioMonitoring_GoldCandidate_v2_1_4,Frozen P3 model monitoring on matured outcome population; no retraining,2017-11
2017-12,10045,10045,0,2145,7900,ELIGIBLE,0.5968028680180579,0.1384193443687114,0.19360573603611586,0.21353907416625187,0.18465557190406956,0.02888350226218231,1.156418254615071,0.127022525719931,2014-01_to_2015-12,12-month matured target inherited from P3,True,False,0.6099854490387366,-0.013182581020678708,0.16466179021489907,-0.02624244584618768,0.21997089807747328,-0.026365162041357415,0.2088366705278835,0.00470240363836838,0.18746047324197712,-0.0028049013379075616,0.021376197285906368,0.007507304976275941,1.1140304242074202,0.04238783040765082,0.1005491876977432,0.026473338022187806,Observed,Derived,P3/P6,Project2_CreditPortfolioMonitoring_GoldCandidate_v2_1_4,Frozen P3 model monitoring on matured outcome population; no retraining,2017-12
2018-01,8575,0,8575,0,0,NOT_ASSESSABLE_MIN_SAMPLE_OR_EVENTS,,,,,,,,0.16281465020482377,2014-01_to_2015-12,12-month matured target inherited from P3,False,False,0.5968028680180579,,0.1384193443687114,,0.19360573603611586,,0.21353907416625187,,0.18465557190406956,,0.02888350226218231,,1.156418254615071,,0.127022525719931,0.03579212448489277,Observed,Derived,P3/P6,Project2_CreditPortfolioMonitoring_GoldCandidate_v2_1_4,Frozen P3 model monitoring on matured outcome population; no retraining,2018-01
2018-02,6731,0,6731,0,0,NOT_ASSESSABLE_MIN_SAMPLE_OR_EVENTS,,,,,,,,0.153564157454339,2014-01_to_2015-12,12-month matured target inherited from P3,False,False,,,,,,,,,,,,,,,0.16281465020482377,-0.009250492750484784,Observed,Derived,P3/P6,Project2_CreditPortfolioMonitoring_GoldCandidate_v2_1_4,Frozen P3 model monitoring on matured outcome population; no retraining,2018-02
2018-03,7151,0,7151,0,0,NOT_ASSESSABLE_MIN_SAMPLE_OR_EVENTS,,,,,,,,0.1750279420268282,2014-01_to_2015-12,12-month matured target inherited from P3,False,False,,,,,,,,,,,,,,,0.153564157454339,0.02146378457248921,Observed,Derived,P3/P6,Project2_CreditPortfolioMonitoring_GoldCandidate_v2_1_4,Frozen P3 model monitoring on matured outcome population; no retraining,2018-03
2018-04,6905,0,6905,0,0,NOT_ASSESSABLE_MIN_SAMPLE_OR_EVENTS,,,,,,,,0.15570427115425425,2014-01_to_2015-12,12-month matured target inherited from P3,False,False,,,,,,,,,,,,,,,0.1750279420268282,-0.019323670872573945,Observed,Derived,P3/P6,Project2_CreditPortfolioMonitoring_GoldCandidate_v2_1_4,Frozen P3 model monitoring on matured outcome population; no retraining,2018-04
2018-05,6619,0,6619,0,0,NOT_ASSESSABLE_MIN_SAMPLE_OR_EVENTS,,,,,,,,0.15831580305617496,2014-01_to_2015-12,12-month matured target inherited from P3,False,False,,,,,,,,,,,,,,,0.15570427115425425,0.002611531901920705,Observed,Derived,P3/P6,Project2_CreditPortfolioMonitoring_GoldCandidate_v2_1_4,Frozen P3 model monitoring on matured outcome population; no retraining,2018-05
2018-06,4880,0,4880,0,0,NOT_ASSESSABLE_MIN_SAMPLE_OR_EVENTS,,,,,,,,0.18174989209515213,2014-01_to_2015-12,12-month matured target inherited from P3,False,False,,,,,,,,,,,,,,,0.15831580305617496,0.023434089038977174,Observed,Derived,P3/P6,Project2_CreditPortfolioMonitoring_GoldCandidate_v2_1_4,Frozen P3 model monitoring on matured outcome population; no retraining,2018-06
2018-07,4307,0,4307,0,0,NOT_ASSESSABLE_MIN_SAMPLE_OR_EVENTS,,,,,,,,0.15998792988818453,2014-01_to_2015-12,12-month matured target inherited from P3,False,False,,,,,,,,,,,,,,,0.18174989209515213,-0.021761962206967606,Observed,Derived,P3/P6,Project2_CreditPortfolioMonitoring_GoldCandidate_v2_1_4,Frozen P3 model monitoring on matured outcome population; no retraining,2018-07
2018-08,3554,0,3554,0,0,NOT_ASSESSABLE_MIN_SAMPLE_OR_EVENTS,,,,,,,,0.19325800488200354,2014-01_to_2015-12,12-month matured target inherited from P3,False,False,,,,,,,,,,,,,,,0.15998792988818453,0.03327007499381901,Observed,Derived,P3/P6,Project2_CreditPortfolioMonitoring_GoldCandidate_v2_1_4,Frozen P3 model monitoring on matured outcome population; no retraining,2018-08
2018-09,2420,0,2420,0,0,NOT_ASSESSABLE_MIN_SAMPLE_OR_EVENTS,,,,,,,,0.21286957265952838,2014-01_to_2015-12,12-month matured target inherited from P3,False,False,,,,,,,,,,,,,,,0.19325800488200354,0.019611567777524846,Observed,Derived,P3/P6,Project2_CreditPortfolioMonitoring_GoldCandidate_v2_1_4,Frozen P3 model monitoring on matured outcome population; no retraining,2018-09
2018-10,2146,0,2146,0,0,NOT_ASSESSABLE_MIN_SAMPLE_OR_EVENTS,,,,,,,,0.22914462104767686,2014-01_to_2015-12,12-month matured target inherited from P3,False,False,,,,,,,,,,,,,,,0.21286957265952838,0.016275048388148472,Observed,Derived,P3/P6,Project2_CreditPortfolioMonitoring_GoldCandidate_v2_1_4,Frozen P3 model monitoring on matured outcome population; no retraining,2018-10
2018-11,1627,0,1627,0,0,NOT_ASSESSABLE_MIN_SAMPLE_OR_EVENTS,,,,,,,,0.2689416793021831,2014-01_to_2015-12,12-month matured target inherited from P3,False,False,,,,,,,,,,,,,,,0.22914462104767686,0.039797058254506246,Observed,Derived,P3/P6,Project2_CreditPortfolioMonitoring_GoldCandidate_v2_1_4,Frozen P3 model monitoring on matured outcome population; no retraining,2018-11
2018-12,1245,0,1245,0,0,NOT_ASSESSABLE_MIN_SAMPLE_OR_EVENTS,,,,,,,,0.3359243454543018,2014-01_to_2015-12,12-month matured target inherited from P3,False,False,,,,,,,,,,,,,,,0.2689416793021831,0.06698266615211868,Observed,Derived,P3/P6,Project2_CreditPortfolioMonitoring_GoldCandidate_v2_1_4,Frozen P3 model monitoring on matured outcome population; no retraining,2018-12
