application_period,accounts,matured_accounts,immature_accounts,outcome_eligibility_rate,observed_bad_accounts,observed_bad_rate_matured,outcome_status,exposure,avg_pd_all,avg_pd_matured,calibration_gap_matured,expected_loss,stage2_proxy_share,approval_rate_25pct,prior_accounts,change_accounts,prior_matured_accounts,change_matured_accounts,prior_observed_bad_rate_matured,change_observed_bad_rate_matured,prior_exposure,change_exposure,prior_avg_pd_matured,change_avg_pd_matured,prior_expected_loss,change_expected_loss,prior_stage2_proxy_share,change_stage2_proxy_share,prior_approval_rate_25pct,change_approval_rate_25pct,data_layer,data_status,source_project,source_version,claim_boundary,as_of_period
2007-06,23,23,0,1.0,3,0.13043478260869565,ASSESSABLE,85350.0,0.15687718025259195,0.15687718025259195,-0.026442397643896304,5167.895243360059,0.17391304347826086,0.9565217391304348,,,,,,,,,,,,,,,,,Observed,Derived,P3/P6,Project2_CreditPortfolioMonitoring_GoldCandidate_v2_1_4,Origination-cohort outcome metrics use matured denominators,2007-06
2007-07,62,62,0,1.0,7,0.11290322580645161,ASSESSABLE,341625.0,0.17523040902847428,0.17523040902847428,-0.06232718322202267,23016.852552545344,0.4032258064516129,0.8870967741935484,23.0,39.0,23.0,39.0,0.13043478260869565,-0.01753155680224404,85350.0,256275.0,0.15687718025259195,0.01835322877588233,5167.895243360059,17848.957309185287,0.17391304347826086,0.229312762973352,0.9565217391304348,-0.06942496493688644,Observed,Derived,P3/P6,Project2_CreditPortfolioMonitoring_GoldCandidate_v2_1_4,Origination-cohort outcome metrics use matured denominators,2007-07
2007-08,72,72,0,1.0,20,0.2777777777777778,ASSESSABLE,503300.0,0.17454019444812358,0.17454019444812358,0.10323758332965421,38194.82146999966,0.3888888888888889,0.8888888888888888,62.0,10.0,62.0,10.0,0.11290322580645161,0.16487455197132617,341625.0,161675.0,0.17523040902847428,-0.0006902145803507065,23016.852552545344,15177.968917454316,0.4032258064516129,-0.014336917562723983,0.8870967741935484,0.0017921146953404632,Observed,Derived,P3/P6,Project2_CreditPortfolioMonitoring_GoldCandidate_v2_1_4,Origination-cohort outcome metrics use matured denominators,2007-08
2007-09,53,53,0,1.0,13,0.24528301886792453,ASSESSABLE,372950.0,0.19537297435209908,0.19537297435209908,0.04991004451582545,31205.80690534878,0.5094339622641509,0.7924528301886793,72.0,-19.0,72.0,-19.0,0.2777777777777778,-0.03249475890985326,503300.0,-130350.0,0.17454019444812358,0.0208327799039755,38194.82146999966,-6989.014564650879,0.3888888888888889,0.12054507337526205,0.8888888888888888,-0.09643605870020955,Observed,Derived,P3/P6,Project2_CreditPortfolioMonitoring_GoldCandidate_v2_1_4,Origination-cohort outcome metrics use matured denominators,2007-09
2007-10,105,105,0,1.0,34,0.3238095238095238,ASSESSABLE,753225.0,0.1985201901244348,0.1985201901244348,0.12528933368508902,64280.340422702524,0.5238095238095238,0.8285714285714286,53.0,52.0,53.0,52.0,0.24528301886792453,0.0785265049415993,372950.0,380275.0,0.19537297435209908,0.003147215772335732,31205.80690534878,33074.533517353746,0.5094339622641509,0.014375561545372895,0.7924528301886793,0.036118598382749334,Observed,Derived,P3/P6,Project2_CreditPortfolioMonitoring_GoldCandidate_v2_1_4,Origination-cohort outcome metrics use matured denominators,2007-10
2007-11,112,112,0,1.0,34,0.30357142857142855,ASSESSABLE,1008650.0,0.20363015168509652,0.20363015168509652,0.09994127688633203,78039.32584769226,0.5625,0.8035714285714286,105.0,7.0,105.0,7.0,0.3238095238095238,-0.020238095238095277,753225.0,255425.0,0.1985201901244348,0.005109961560661708,64280.340422702524,13758.98542498974,0.5238095238095238,0.038690476190476164,0.8285714285714286,-0.025000000000000022,Observed,Derived,P3/P6,Project2_CreditPortfolioMonitoring_GoldCandidate_v2_1_4,Origination-cohort outcome metrics use matured denominators,2007-11
2007-12,172,172,0,1.0,47,0.27325581395348836,ASSESSABLE,1887175.0,0.19355002071174954,0.19355002071174954,0.07970579324173882,143380.18260973826,0.4418604651162791,0.8430232558139535,112.0,60.0,112.0,60.0,0.30357142857142855,-0.03031561461794019,1008650.0,878525.0,0.20363015168509652,-0.010080130973346979,78039.32584769226,65340.856762045994,0.5625,-0.12063953488372092,0.8035714285714286,0.03945182724252494,Observed,Derived,P3/P6,Project2_CreditPortfolioMonitoring_GoldCandidate_v2_1_4,Origination-cohort outcome metrics use matured denominators,2007-12
2008-01,305,305,0,1.0,84,0.2754098360655738,ASSESSABLE,2926000.0,0.18942194326402498,0.18942194326402498,0.08598789280154881,222103.52350974517,0.46885245901639344,0.8065573770491803,172.0,133.0,172.0,133.0,0.27325581395348836,0.0021540221120854297,1887175.0,1038825.0,0.19355002071174954,-0.00412807744772456,143380.18260973826,78723.34090000691,0.4418604651162791,0.026991993900114364,0.8430232558139535,-0.03646587876477325,Observed,Derived,P3/P6,Project2_CreditPortfolioMonitoring_GoldCandidate_v2_1_4,Origination-cohort outcome metrics use matured denominators,2008-01
2008-02,306,306,0,1.0,61,0.19934640522875818,ASSESSABLE,2959225.0,0.19031909593681542,0.19031909593681542,0.009027309291942759,223583.00167463894,0.43790849673202614,0.8398692810457516,305.0,1.0,305.0,1.0,0.2754098360655738,-0.0760634308368156,2926000.0,33225.0,0.18942194326402498,0.0008971526727904466,222103.52350974517,1479.4781648937787,0.46885245901639344,-0.0309439622843673,0.8065573770491803,0.03331190399657136,Observed,Derived,P3/P6,Project2_CreditPortfolioMonitoring_GoldCandidate_v2_1_4,Origination-cohort outcome metrics use matured denominators,2008-02
2008-03,402,402,0,1.0,89,0.22139303482587064,ASSESSABLE,4150050.0,0.19155371890563594,0.19155371890563594,0.0298393159202347,308047.9660784134,0.4502487562189055,0.8557213930348259,306.0,96.0,306.0,96.0,0.19934640522875818,0.022046629597112455,2959225.0,1190825.0,0.19031909593681542,0.0012346229688205146,223583.00167463894,84464.96440377447,0.43790849673202614,0.012340259486879335,0.8398692810457516,0.015852111989074213,Observed,Derived,P3/P6,Project2_CreditPortfolioMonitoring_GoldCandidate_v2_1_4,Origination-cohort outcome metrics use matured denominators,2008-03
2008-04,259,259,0,1.0,63,0.24324324324324326,ASSESSABLE,2433875.0,0.19228213109023687,0.19228213109023687,0.05096111215300639,185953.690262242,0.4749034749034749,0.833976833976834,402.0,-143.0,402.0,-143.0,0.22139303482587064,0.02185020841737262,4150050.0,-1716175.0,0.19155371890563594,0.0007284121846009295,308047.9660784134,-122094.27581617143,0.4502487562189055,0.02465471868456942,0.8557213930348259,-0.021744559057991886,Observed,Derived,P3/P6,Project2_CreditPortfolioMonitoring_GoldCandidate_v2_1_4,Origination-cohort outcome metrics use matured denominators,2008-04
2008-05,115,115,0,1.0,25,0.21739130434782608,ASSESSABLE,628900.0,0.19216097760845197,0.19216097760845197,0.025230326739374115,48533.943268462695,0.4608695652173913,0.8608695652173913,259.0,-144.0,259.0,-144.0,0.24324324324324326,-0.025851938895417176,2433875.0,-1804975.0,0.19228213109023687,-0.00012115348178490248,185953.690262242,-137419.7469937793,0.4749034749034749,-0.01403390968608359,0.833976833976834,0.026892731240557355,Observed,Derived,P3/P6,Project2_CreditPortfolioMonitoring_GoldCandidate_v2_1_4,Origination-cohort outcome metrics use matured denominators,2008-05
2008-06,124,124,0,1.0,22,0.1774193548387097,ASSESSABLE,660175.0,0.182400299909751,0.182400299909751,-0.004980945071041326,49184.80792986527,0.3870967741935484,0.8951612903225806,115.0,9.0,115.0,9.0,0.21739130434782608,-0.039971949509116395,628900.0,31275.0,0.19216097760845197,-0.009760677698700954,48533.943268462695,650.8646614025711,0.4608695652173913,-0.07377279102384293,0.8608695652173913,0.0342917251051893,Observed,Derived,P3/P6,Project2_CreditPortfolioMonitoring_GoldCandidate_v2_1_4,Origination-cohort outcome metrics use matured denominators,2008-06
2008-07,141,141,0,1.0,30,0.2127659574468085,ASSESSABLE,856475.0,0.1970220810580357,0.1970220810580357,0.01574387638877281,67306.87357989556,0.524822695035461,0.8368794326241135,124.0,17.0,124.0,17.0,0.1774193548387097,0.035346602608098826,660175.0,196300.0,0.182400299909751,0.01462178114828469,49184.80792986527,18122.065650030294,0.3870967741935484,0.1377259208419126,0.8951612903225806,-0.058281857698467165,Observed,Derived,P3/P6,Project2_CreditPortfolioMonitoring_GoldCandidate_v2_1_4,Origination-cohort outcome metrics use matured denominators,2008-07
2008-08,100,100,0,1.0,12,0.12,ASSESSABLE,592450.0,0.19523801078308986,0.19523801078308986,-0.07523801078308986,48720.57583130099,0.46,0.89,141.0,-41.0,141.0,-41.0,0.2127659574468085,-0.09276595744680852,856475.0,-264025.0,0.1970220810580357,-0.0017840702749458426,67306.87357989556,-18586.297748594574,0.524822695035461,-0.06482269503546095,0.8368794326241135,0.05312056737588655,Observed,Derived,P3/P6,Project2_CreditPortfolioMonitoring_GoldCandidate_v2_1_4,Origination-cohort outcome metrics use matured denominators,2008-08
2008-09,57,57,0,1.0,10,0.17543859649122806,ASSESSABLE,317675.0,0.19379531880912806,0.19379531880912806,-0.018356722317900004,25112.65453792492,0.5087719298245614,0.8070175438596491,100.0,-43.0,100.0,-43.0,0.12,0.055438596491228065,592450.0,-274775.0,0.19523801078308986,-0.001442691973961796,48720.57583130099,-23607.92129337607,0.46,0.04877192982456141,0.89,-0.08298245614035094,Observed,Derived,P3/P6,Project2_CreditPortfolioMonitoring_GoldCandidate_v2_1_4,Origination-cohort outcome metrics use matured denominators,2008-09
2008-10,122,122,0,1.0,21,0.1721311475409836,ASSESSABLE,962550.0,0.1698698710316229,0.1698698710316229,0.002261276509360699,62452.510304920754,0.28688524590163933,0.9262295081967213,57.0,65.0,57.0,65.0,0.17543859649122806,-0.003307448950244457,317675.0,644875.0,0.19379531880912806,-0.02392544777750516,25112.65453792492,37339.85576699584,0.5087719298245614,-0.2218866839229221,0.8070175438596491,0.11921196433707226,Observed,Derived,P3/P6,Project2_CreditPortfolioMonitoring_GoldCandidate_v2_1_4,Origination-cohort outcome metrics use matured denominators,2008-10
2008-11,209,209,0,1.0,39,0.18660287081339713,ASSESSABLE,2064900.0,0.16536186815360218,0.16536186815360218,0.02124100265979495,130523.22573681913,0.2583732057416268,0.9138755980861244,122.0,87.0,122.0,87.0,0.1721311475409836,0.014471723272413528,962550.0,1102350.0,0.1698698710316229,-0.004508002878020723,62452.510304920754,68070.71543189838,0.28688524590163933,-0.02851204016001252,0.9262295081967213,-0.012353910110596944,Observed,Derived,P3/P6,Project2_CreditPortfolioMonitoring_GoldCandidate_v2_1_4,Origination-cohort outcome metrics use matured denominators,2008-11
2008-12,253,253,0,1.0,40,0.15810276679841898,ASSESSABLE,2566975.0,0.1662580722987833,0.1662580722987833,-0.008155305500364335,156122.91278012347,0.2885375494071146,0.9407114624505929,209.0,44.0,209.0,44.0,0.18660287081339713,-0.028500104014978156,2064900.0,502075.0,0.16536186815360218,0.0008962041451811287,130523.22573681913,25599.687043304337,0.2583732057416268,0.030164343665487814,0.9138755980861244,0.026835864364468498,Observed,Derived,P3/P6,Project2_CreditPortfolioMonitoring_GoldCandidate_v2_1_4,Origination-cohort outcome metrics use matured denominators,2008-12
2009-01,269,269,0,1.0,41,0.1524163568773234,ASSESSABLE,2470125.0,0.16204616126933813,0.16204616126933813,-0.009629804392014718,156303.72702231258,0.26022304832713755,0.929368029739777,253.0,16.0,253.0,16.0,0.15810276679841898,-0.005686409921095564,2566975.0,-96850.0,0.1662580722987833,-0.004211911029445181,156122.91278012347,180.8142421891098,0.2885375494071146,-0.028314501079977072,0.9407114624505929,-0.011343432710815948,Observed,Derived,P3/P6,Project2_CreditPortfolioMonitoring_GoldCandidate_v2_1_4,Origination-cohort outcome metrics use matured denominators,2009-01
2009-02,302,302,0,1.0,41,0.1357615894039735,ASSESSABLE,2714925.0,0.1667553199527869,0.1667553199527869,-0.03099373054881338,172683.8143801827,0.2847682119205298,0.9271523178807947,269.0,33.0,269.0,33.0,0.1524163568773234,-0.016654767473349902,2470125.0,244800.0,0.16204616126933813,0.004709158683448761,156303.72702231258,16380.087357870128,0.26022304832713755,0.02454516359339226,0.929368029739777,-0.0022157118589822833,Observed,Derived,P3/P6,Project2_CreditPortfolioMonitoring_GoldCandidate_v2_1_4,Origination-cohort outcome metrics use matured denominators,2009-02
2009-03,324,324,0,1.0,41,0.12654320987654322,ASSESSABLE,3061300.0,0.16373554273351482,0.16373554273351482,-0.0371923328569716,186129.28513896902,0.25925925925925924,0.9506172839506173,302.0,22.0,302.0,22.0,0.1357615894039735,-0.009218379527430293,2714925.0,346375.0,0.1667553199527869,-0.003019777219272074,172683.8143801827,13445.470758786309,0.2847682119205298,-0.025508952661270567,0.9271523178807947,0.023464966069822624,Observed,Derived,P3/P6,Project2_CreditPortfolioMonitoring_GoldCandidate_v2_1_4,Origination-cohort outcome metrics use matured denominators,2009-03
2009-04,333,333,0,1.0,49,0.14714714714714713,ASSESSABLE,3079475.0,0.15798030393021112,0.15798030393021112,-0.010833156783063985,178906.93919641827,0.24024024024024024,0.9459459459459459,324.0,9.0,324.0,9.0,0.12654320987654322,0.020603937270603917,3061300.0,18175.0,0.16373554273351482,-0.005755238803303697,186129.28513896902,-7222.345942550746,0.25925925925925924,-0.019019019019019007,0.9506172839506173,-0.004671338004671344,Observed,Derived,P3/P6,Project2_CreditPortfolioMonitoring_GoldCandidate_v2_1_4,Origination-cohort outcome metrics use matured denominators,2009-04
2009-05,359,359,0,1.0,51,0.14206128133704735,ASSESSABLE,3443300.0,0.1560943478283701,0.1560943478283701,-0.014033066491322743,194120.76210500594,0.20334261838440112,0.9610027855153204,333.0,26.0,333.0,26.0,0.14714714714714713,-0.005085865810099788,3079475.0,363825.0,0.15798030393021112,-0.0018859561018410298,178906.93919641827,15213.822908587666,0.24024024024024024,-0.03689762185583911,0.9459459459459459,0.015056839569374425,Observed,Derived,P3/P6,Project2_CreditPortfolioMonitoring_GoldCandidate_v2_1_4,Origination-cohort outcome metrics use matured denominators,2009-05
2009-06,406,406,0,1.0,58,0.14285714285714285,ASSESSABLE,3592300.0,0.15581922459714348,0.15581922459714348,-0.01296208174000063,204521.43895091576,0.20935960591133004,0.9556650246305419,359.0,47.0,359.0,47.0,0.14206128133704735,0.0007958615200955033,3443300.0,149000.0,0.1560943478283701,-0.0002751232312266094,194120.76210500594,10400.676845909824,0.20334261838440112,0.006016987526928919,0.9610027855153204,-0.005337760884778442,Observed,Derived,P3/P6,Project2_CreditPortfolioMonitoring_GoldCandidate_v2_1_4,Origination-cohort outcome metrics use matured denominators,2009-06
2009-07,411,411,0,1.0,58,0.1411192214111922,ASSESSABLE,3876150.0,0.15891649762047663,0.15891649762047663,-0.017797276209284424,228621.97367832222,0.20681265206812652,0.9318734793187348,406.0,5.0,406.0,5.0,0.14285714285714285,-0.001737921445950641,3592300.0,283850.0,0.15581922459714348,0.0030972730233331525,204521.43895091576,24100.534727406455,0.20935960591133004,-0.0025469538432035255,0.9556650246305419,-0.02379154531180716,Observed,Derived,P3/P6,Project2_CreditPortfolioMonitoring_GoldCandidate_v2_1_4,Origination-cohort outcome metrics use matured denominators,2009-07
2009-08,446,446,0,1.0,50,0.11210762331838565,ASSESSABLE,4318650.0,0.1549052521026683,0.1549052521026683,-0.04279762878428266,241219.5341176528,0.23094170403587444,0.9596412556053812,411.0,35.0,411.0,35.0,0.1411192214111922,-0.029011598092806554,3876150.0,442500.0,0.15891649762047663,-0.004011245517808321,228621.97367832222,12597.560439330584,0.20681265206812652,0.024129051967747922,0.9318734793187348,0.027767776286646395,Observed,Derived,P3/P6,Project2_CreditPortfolioMonitoring_GoldCandidate_v2_1_4,Origination-cohort outcome metrics use matured denominators,2009-08
2009-09,507,507,0,1.0,66,0.1301775147928994,ASSESSABLE,5107225.0,0.15615628637864423,0.15615628637864423,-0.025978771585744825,289934.5058296175,0.22485207100591717,0.9526627218934911,446.0,61.0,446.0,61.0,0.11210762331838565,0.018069891474513752,4318650.0,788575.0,0.1549052521026683,0.0012510342759759208,241219.5341176528,48714.971711964696,0.23094170403587444,-0.00608963302995727,0.9596412556053812,-0.006978533711890056,Observed,Derived,P3/P6,Project2_CreditPortfolioMonitoring_GoldCandidate_v2_1_4,Origination-cohort outcome metrics use matured denominators,2009-09
2009-10,604,604,0,1.0,100,0.16556291390728478,ASSESSABLE,6289450.0,0.15916470300280572,0.15916470300280572,0.0063982109044790625,363980.5146344766,0.2433774834437086,0.9354304635761589,507.0,97.0,507.0,97.0,0.1301775147928994,0.035385399114385374,5107225.0,1182225.0,0.15615628637864423,0.0030084166241614863,289934.5058296175,74046.00880485913,0.22485207100591717,0.018525412437791433,0.9526627218934911,-0.017232258317332216,Observed,Derived,P3/P6,Project2_CreditPortfolioMonitoring_GoldCandidate_v2_1_4,Origination-cohort outcome metrics use matured denominators,2009-10
2009-11,662,662,0,1.0,97,0.14652567975830816,ASSESSABLE,6848875.0,0.15930498464668982,0.15930498464668982,-0.012779304888381665,403492.61277074774,0.2326283987915408,0.9441087613293051,604.0,58.0,604.0,58.0,0.16556291390728478,-0.019037234148976623,6289450.0,559425.0,0.15916470300280572,0.0001402816438841048,363980.5146344766,39512.09813627112,0.2433774834437086,-0.010749084652167812,0.9354304635761589,0.008678297753146214,Observed,Derived,P3/P6,Project2_CreditPortfolioMonitoring_GoldCandidate_v2_1_4,Origination-cohort outcome metrics use matured denominators,2009-11
2009-12,658,658,0,1.0,71,0.10790273556231003,ASSESSABLE,7126475.0,0.15624698574526685,0.15624698574526685,-0.04834425018295682,389476.55345247773,0.22036474164133737,0.9468085106382979,662.0,-4.0,662.0,-4.0,0.14652567975830816,-0.03862294419599813,6848875.0,277600.0,0.15930498464668982,-0.0030579989014229703,403492.61277074774,-14016.05931827001,0.2326283987915408,-0.012263657150203416,0.9441087613293051,0.0026997493089927493,Observed,Derived,P3/P6,Project2_CreditPortfolioMonitoring_GoldCandidate_v2_1_4,Origination-cohort outcome metrics use matured denominators,2009-12
2010-01,662,662,0,1.0,92,0.13897280966767372,ASSESSABLE,7385950.0,0.15565256378476153,0.15565256378476153,-0.016679754117087803,418590.91513163457,0.22356495468277945,0.9531722054380665,658.0,4.0,658.0,4.0,0.10790273556231003,0.031070074105363693,7126475.0,259475.0,0.15624698574526685,-0.0005944219605053258,389476.55345247773,29114.361679156835,0.22036474164133737,0.0032002130414420793,0.9468085106382979,0.0063636947997686155,Observed,Derived,P3/P6,Project2_CreditPortfolioMonitoring_GoldCandidate_v2_1_4,Origination-cohort outcome metrics use matured denominators,2010-01
2010-02,682,682,0,1.0,75,0.10997067448680352,ASSESSABLE,7460000.0,0.16060026237476527,0.16060026237476527,-0.05062958788796175,436275.94542549795,0.2404692082111437,0.9442815249266863,662.0,20.0,662.0,20.0,0.13897280966767372,-0.029002135180870206,7385950.0,74050.0,0.15565256378476153,0.004947698590003741,418590.91513163457,17685.030293863383,0.22356495468277945,0.01690425352836425,0.9531722054380665,-0.0088906805113802,Observed,Derived,P3/P6,Project2_CreditPortfolioMonitoring_GoldCandidate_v2_1_4,Origination-cohort outcome metrics use matured denominators,2010-02
2010-03,828,828,0,1.0,87,0.10507246376811594,ASSESSABLE,8664750.0,0.16308684027078163,0.16308684027078163,-0.05801437650266569,533908.0629674671,0.2717391304347826,0.9396135265700483,682.0,146.0,682.0,146.0,0.10997067448680352,-0.004898210718687582,7460000.0,1204750.0,0.16060026237476527,0.002486577896016362,436275.94542549795,97632.11754196917,0.2404692082111437,0.03126992222363889,0.9442815249266863,-0.0046679983566380034,Observed,Derived,P3/P6,Project2_CreditPortfolioMonitoring_GoldCandidate_v2_1_4,Origination-cohort outcome metrics use matured denominators,2010-03
2010-04,912,912,0,1.0,101,0.11074561403508772,ASSESSABLE,9510575.0,0.16095767928748667,0.16095767928748667,-0.05021206525239895,553050.8001893654,0.23135964912280702,0.9517543859649122,828.0,84.0,828.0,84.0,0.10507246376811594,0.00567315026697178,8664750.0,845825.0,0.16308684027078163,-0.0021291609832949643,533908.0629674671,19142.73722189828,0.2717391304347826,-0.04037948131197558,0.9396135265700483,0.012140859394863979,Observed,Derived,P3/P6,Project2_CreditPortfolioMonitoring_GoldCandidate_v2_1_4,Origination-cohort outcome metrics use matured denominators,2010-04
2010-05,989,989,0,1.0,144,0.14560161779575329,ASSESSABLE,10608150.0,0.16204771284586342,0.16204771284586342,-0.016446095050110132,628844.6921066078,0.2487360970677452,0.9443882709807887,912.0,77.0,912.0,77.0,0.11074561403508772,0.03485600376066557,9510575.0,1097575.0,0.16095767928748667,0.0010900335583767518,553050.8001893654,75793.89191724244,0.23135964912280702,0.017376447944938173,0.9517543859649122,-0.00736611498412354,Observed,Derived,P3/P6,Project2_CreditPortfolioMonitoring_GoldCandidate_v2_1_4,Origination-cohort outcome metrics use matured denominators,2010-05
2010-06,1105,1105,0,1.0,196,0.17737556561085974,ASSESSABLE,11169550.0,0.16238628674073213,0.16238628674073213,0.014989278870127604,654124.452717353,0.2515837104072398,0.9357466063348416,989.0,116.0,989.0,116.0,0.14560161779575329,0.03177394781510645,10608150.0,561400.0,0.16204771284586342,0.0003385738948687156,628844.6921066078,25279.760610745172,0.2487360970677452,0.0028476133394946257,0.9443882709807887,-0.008641664645947067,Observed,Derived,P3/P6,Project2_CreditPortfolioMonitoring_GoldCandidate_v2_1_4,Origination-cohort outcome metrics use matured denominators,2010-06
2010-07,1204,1204,0,1.0,159,0.13205980066445183,ASSESSABLE,11936500.0,0.1592579365241742,0.1592579365241742,-0.02719813585972236,688772.8957739482,0.24335548172757476,0.9543189368770764,1105.0,99.0,1105.0,99.0,0.17737556561085974,-0.045315764946407905,11169550.0,766950.0,0.16238628674073213,-0.00312835021655794,654124.452717353,34648.44305659516,0.2515837104072398,-0.00822822867966505,0.9357466063348416,0.018572330542234727,Observed,Derived,P3/P6,Project2_CreditPortfolioMonitoring_GoldCandidate_v2_1_4,Origination-cohort outcome metrics use matured denominators,2010-07
2010-08,1175,1175,0,1.0,172,0.14638297872340425,ASSESSABLE,12101875.0,0.16660337114985266,0.16660337114985266,-0.020220392426448408,744597.7727644246,0.27489361702127657,0.9208510638297872,1204.0,-29.0,1204.0,-29.0,0.13205980066445183,0.014323178058952418,11936500.0,165375.0,0.1592579365241742,0.007345434625678465,688772.8957739482,55824.87699047639,0.24335548172757476,0.03153813529370181,0.9543189368770764,-0.033467873047289154,Observed,Derived,P3/P6,Project2_CreditPortfolioMonitoring_GoldCandidate_v2_1_4,Origination-cohort outcome metrics use matured denominators,2010-08
2010-09,1189,1189,0,1.0,206,0.17325483599663583,ASSESSABLE,12252600.0,0.16104040137171502,0.16104040137171502,0.012214434624920806,722092.8679798144,0.2682926829268293,0.9419680403700589,1175.0,14.0,1175.0,14.0,0.14638297872340425,0.026871857273231575,12101875.0,150725.0,0.16660337114985266,-0.005562969778137639,744597.7727644246,-22504.904784610146,0.27489361702127657,-0.006600934094447286,0.9208510638297872,0.02111697654027167,Observed,Derived,P3/P6,Project2_CreditPortfolioMonitoring_GoldCandidate_v2_1_4,Origination-cohort outcome metrics use matured denominators,2010-09
2010-10,1232,1232,0,1.0,189,0.1534090909090909,ASSESSABLE,13132125.0,0.16226858461246388,0.16226858461246388,-0.008859493703372967,777312.2258363472,0.26461038961038963,0.9285714285714286,1189.0,43.0,1189.0,43.0,0.17325483599663583,-0.019845745087544914,12252600.0,879525.0,0.16104040137171502,0.001228183240748859,722092.8679798144,55219.35785653279,0.2682926829268293,-0.0036822933164396554,0.9419680403700589,-0.013396611798630276,Observed,Derived,P3/P6,Project2_CreditPortfolioMonitoring_GoldCandidate_v2_1_4,Origination-cohort outcome metrics use matured denominators,2010-10
2010-11,1224,1224,0,1.0,175,0.14297385620915032,ASSESSABLE,13481475.0,0.156279609059092,0.156279609059092,-0.013305752849941677,759883.3525621761,0.23447712418300654,0.9509803921568627,1232.0,-8.0,1232.0,-8.0,0.1534090909090909,-0.010435234699940593,13132125.0,349350.0,0.16226858461246388,-0.005988975553371884,777312.2258363472,-17428.873274171143,0.26461038961038963,-0.030133265427383094,0.9285714285714286,0.022408963585434094,Observed,Derived,P3/P6,Project2_CreditPortfolioMonitoring_GoldCandidate_v2_1_4,Origination-cohort outcome metrics use matured denominators,2010-11
2010-12,1335,1335,0,1.0,161,0.12059925093632959,ASSESSABLE,14289000.0,0.15841968154247146,0.15841968154247146,-0.037820430606141875,806976.0055912118,0.2299625468164794,0.9363295880149812,1224.0,111.0,1224.0,111.0,0.14297385620915032,-0.02237460527282073,13481475.0,807525.0,0.156279609059092,0.002140072483379468,759883.3525621761,47092.65302903578,0.23447712418300654,-0.004514577366527134,0.9509803921568627,-0.014650804141881468,Observed,Derived,P3/P6,Project2_CreditPortfolioMonitoring_GoldCandidate_v2_1_4,Origination-cohort outcome metrics use matured denominators,2010-12
2011-01,1380,1380,0,1.0,186,0.13478260869565217,ASSESSABLE,14824575.0,0.15656790187943928,0.15656790187943928,-0.021785293183787108,834710.631950031,0.21811594202898552,0.9478260869565217,1335.0,45.0,1335.0,45.0,0.12059925093632959,0.014183357759322585,14289000.0,535575.0,0.15841968154247146,-0.0018517796630321826,806976.0055912118,27734.626358819194,0.2299625468164794,-0.011846604787493886,0.9363295880149812,0.011496498941540478,Observed,Derived,P3/P6,Project2_CreditPortfolioMonitoring_GoldCandidate_v2_1_4,Origination-cohort outcome metrics use matured denominators,2011-01
2011-02,1298,1298,0,1.0,169,0.13020030816640987,ASSESSABLE,14601275.0,0.15468134426771524,0.15468134426771524,-0.024481036101305365,809972.1965967834,0.2049306625577812,0.9614791987673343,1380.0,-82.0,1380.0,-82.0,0.13478260869565217,-0.0045823005292423,14824575.0,-223300.0,0.15656790187943928,-0.0018865576117240435,834710.631950031,-24738.43535324768,0.21811594202898552,-0.01318527947120432,0.9478260869565217,0.013653111810812635,Observed,Derived,P3/P6,Project2_CreditPortfolioMonitoring_GoldCandidate_v2_1_4,Origination-cohort outcome metrics use matured denominators,2011-02
2011-03,1448,1448,0,1.0,210,0.14502762430939226,ASSESSABLE,16567325.0,0.15713543576881342,0.15713543576881342,-0.012107811459421164,947579.0613889893,0.22306629834254144,0.9454419889502762,1298.0,150.0,1298.0,150.0,0.13020030816640987,0.014827316142982383,14601275.0,1966050.0,0.15468134426771524,0.0024540915010981823,809972.1965967834,137606.86479220598,0.2049306625577812,0.01813563578476024,0.9614791987673343,-0.01603720981705814,Observed,Derived,P3/P6,Project2_CreditPortfolioMonitoring_GoldCandidate_v2_1_4,Origination-cohort outcome metrics use matured denominators,2011-03
2011-04,1563,1563,0,1.0,222,0.1420345489443378,ASSESSABLE,17542075.0,0.15782268029957772,0.15782268029957772,-0.015788131355239904,993502.3524216833,0.236724248240563,0.9392194497760716,1448.0,115.0,1448.0,115.0,0.14502762430939226,-0.002993075365054443,16567325.0,974750.0,0.15713543576881342,0.0006872445307642971,947579.0613889893,45923.29103269393,0.22306629834254144,0.013657949898021576,0.9454419889502762,-0.006222539174204567,Observed,Derived,P3/P6,Project2_CreditPortfolioMonitoring_GoldCandidate_v2_1_4,Origination-cohort outcome metrics use matured denominators,2011-04
2011-05,1704,1704,0,1.0,290,0.17018779342723006,ASSESSABLE,19327950.0,0.1574619898816281,0.1574619898816281,0.01272580354560196,1092007.3444926608,0.2282863849765258,0.9477699530516432,1563.0,141.0,1563.0,141.0,0.1420345489443378,0.028153244482892248,17542075.0,1785875.0,0.15782268029957772,-0.0003606904179496162,993502.3524216833,98504.99207097758,0.236724248240563,-0.008437863264037199,0.9392194497760716,0.008550503275571608,Observed,Derived,P3/P6,Project2_CreditPortfolioMonitoring_GoldCandidate_v2_1_4,Origination-cohort outcome metrics use matured denominators,2011-05
2011-06,1835,1835,0,1.0,271,0.14768392370572206,ASSESSABLE,20940200.0,0.15616518674311283,0.15616518674311283,-0.008481263037390774,1172849.3946009555,0.22670299727520435,0.9547683923705722,1704.0,131.0,1704.0,131.0,0.17018779342723006,-0.022503869721508002,19327950.0,1612250.0,0.1574619898816281,-0.0012968031385152679,1092007.3444926608,80842.0501082947,0.2282863849765258,-0.0015833877013214648,0.9477699530516432,0.006998439318928962,Observed,Derived,P3/P6,Project2_CreditPortfolioMonitoring_GoldCandidate_v2_1_4,Origination-cohort outcome metrics use matured denominators,2011-06
2011-07,1875,1875,0,1.0,282,0.1504,ASSESSABLE,21337600.0,0.15903785859210345,0.15903785859210345,-0.008637858592103448,1229457.7628972202,0.24853333333333333,0.9418666666666666,1835.0,40.0,1835.0,40.0,0.14768392370572206,0.002716076294277947,20940200.0,397400.0,0.15616518674311283,0.002872671848990621,1172849.3946009555,56608.36829626467,0.22670299727520435,0.02183033605812898,0.9547683923705722,-0.012901725703905575,Observed,Derived,P3/P6,Project2_CreditPortfolioMonitoring_GoldCandidate_v2_1_4,Origination-cohort outcome metrics use matured denominators,2011-07
2011-08,1934,1934,0,1.0,271,0.14012409513960702,ASSESSABLE,23247525.0,0.1563017386466772,0.1563017386466772,-0.016177643507070183,1290365.5823678933,0.21975180972078592,0.9400206825232679,1875.0,59.0,1875.0,59.0,0.1504,-0.010275904860392981,21337600.0,1909925.0,0.15903785859210345,-0.0027361199454262464,1229457.7628972202,60907.8194706731,0.24853333333333333,-0.028781523612547405,0.9418666666666666,-0.00184598414339876,Observed,Derived,P3/P6,Project2_CreditPortfolioMonitoring_GoldCandidate_v2_1_4,Origination-cohort outcome metrics use matured denominators,2011-08
2011-09,2067,2067,0,1.0,308,0.1490082244799226,ASSESSABLE,25837650.0,0.15347054008891264,0.15347054008891264,-0.004462315608990047,1378954.1293272753,0.20512820512820512,0.9487179487179487,1934.0,133.0,1934.0,133.0,0.14012409513960702,0.008884129340315572,23247525.0,2590125.0,0.1563017386466772,-0.0028311985577645638,1290365.5823678933,88588.54695938202,0.21975180972078592,-0.014623604592580802,0.9400206825232679,0.008697266194680808,Observed,Derived,P3/P6,Project2_CreditPortfolioMonitoring_GoldCandidate_v2_1_4,Origination-cohort outcome metrics use matured denominators,2011-09
2011-10,2118,2118,0,1.0,313,0.147780925401322,ASSESSABLE,27482550.0,0.1547258624755291,0.1547258624755291,-0.006944937074207097,1515402.2980260379,0.21576959395656278,0.9518413597733711,2067.0,51.0,2067.0,51.0,0.1490082244799226,-0.0012272990786005855,25837650.0,1644900.0,0.15347054008891264,0.0012553223866164642,1378954.1293272753,136448.16869876254,0.20512820512820512,0.010641388828357662,0.9487179487179487,0.0031234110554224648,Observed,Derived,P3/P6,Project2_CreditPortfolioMonitoring_GoldCandidate_v2_1_4,Origination-cohort outcome metrics use matured denominators,2011-10
2011-11,2232,2232,0,1.0,344,0.15412186379928317,ASSESSABLE,28332600.0,0.16334926447849046,0.16334926447849046,-0.009227400679207298,1652387.9086169866,0.2589605734767025,0.9377240143369175,2118.0,114.0,2118.0,114.0,0.147780925401322,0.0063409383979611544,27482550.0,850050.0,0.1547258624755291,0.008623402002961356,1515402.2980260379,136985.61059094872,0.21576959395656278,0.0431909795201397,0.9518413597733711,-0.014117345436453599,Observed,Derived,P3/P6,Project2_CreditPortfolioMonitoring_GoldCandidate_v2_1_4,Origination-cohort outcome metrics use matured denominators,2011-11
2011-12,2267,2267,0,1.0,431,0.1901191001323335,ASSESSABLE,31642500.0,0.17143051927977332,0.17143051927977332,0.01868858085256017,2017089.145633791,0.27657697397441555,0.9285399205999118,2232.0,35.0,2232.0,35.0,0.15412186379928317,0.035997236333050325,28332600.0,3309900.0,0.16334926447849046,0.008081254801282856,1652387.9086169866,364701.2370168045,0.2589605734767025,0.01761640049771307,0.9377240143369175,-0.009184093737005794,Observed,Derived,P3/P6,Project2_CreditPortfolioMonitoring_GoldCandidate_v2_1_4,Origination-cohort outcome metrics use matured denominators,2011-12
2012-01,2602,2602,0,1.0,440,0.16910069177555725,ASSESSABLE,34220475.0,0.16922915853257642,0.16922915853257642,-0.00012846675701916332,2140044.7518688813,0.2843966179861645,0.9338970023059185,2267.0,335.0,2267.0,335.0,0.1901191001323335,-0.021018408356776236,31642500.0,2577975.0,0.17143051927977332,-0.002201360747196901,2017089.145633791,122955.60623509018,0.27657697397441555,0.00781964401174895,0.9285399205999118,0.005357081706006794,Observed,Derived,P3/P6,Project2_CreditPortfolioMonitoring_GoldCandidate_v2_1_4,Origination-cohort outcome metrics use matured denominators,2012-01
2012-02,2560,2560,0,1.0,421,0.164453125,ASSESSABLE,36058175.0,0.16771478254575062,0.16771478254575062,-0.0032616575457506125,2256688.309944887,0.271875,0.93125,2602.0,-42.0,2602.0,-42.0,0.16910069177555725,-0.004647566775557249,34220475.0,1837700.0,0.16922915853257642,-0.0015143759868258,2140044.7518688813,116643.5580760059,0.2843966179861645,-0.012521617986164524,0.9338970023059185,-0.002647002305918522,Observed,Derived,P3/P6,Project2_CreditPortfolioMonitoring_GoldCandidate_v2_1_4,Origination-cohort outcome metrics use matured denominators,2012-02
2012-03,2914,2914,0,1.0,443,0.15202470830473575,ASSESSABLE,39536300.0,0.16267382012433246,0.16267382012433246,-0.010649111819596713,2361846.4802431497,0.23404255319148937,0.9461221688400824,2560.0,354.0,2560.0,354.0,0.164453125,-0.01242841669526426,36058175.0,3478125.0,0.16771478254575062,-0.00504096242141816,2256688.309944887,105158.1702982625,0.271875,-0.03783244680851061,0.93125,0.014872168840082356,Observed,Derived,P3/P6,Project2_CreditPortfolioMonitoring_GoldCandidate_v2_1_4,Origination-cohort outcome metrics use matured denominators,2012-03
2012-04,3230,3230,0,1.0,496,0.15356037151702787,ASSESSABLE,42051125.0,0.17122302816635818,0.17122302816635818,-0.01766265664933031,2663913.843633192,0.28637770897832815,0.9269349845201238,2914.0,316.0,2914.0,316.0,0.15202470830473575,0.001535663212292121,39536300.0,2514825.0,0.16267382012433246,0.008549208042025719,2361846.4802431497,302067.36339004245,0.23404255319148937,0.05233515578683878,0.9461221688400824,-0.019187184319958583,Observed,Derived,P3/P6,Project2_CreditPortfolioMonitoring_GoldCandidate_v2_1_4,Origination-cohort outcome metrics use matured denominators,2012-04
2012-05,3400,3400,0,1.0,569,0.1673529411764706,ASSESSABLE,45090825.0,0.17153090835736107,0.17153090835736107,-0.004177967180890474,2924453.919556535,0.29705882352941176,0.9229411764705883,3230.0,170.0,3230.0,170.0,0.15356037151702787,0.013792569659442727,42051125.0,3039700.0,0.17122302816635818,0.00030788019100289055,2663913.843633192,260540.07592334272,0.28637770897832815,0.010681114551083615,0.9269349845201238,-0.00399380804953553,Observed,Derived,P3/P6,Project2_CreditPortfolioMonitoring_GoldCandidate_v2_1_4,Origination-cohort outcome metrics use matured denominators,2012-05
2012-06,3817,3817,0,1.0,714,0.18705789887346083,ASSESSABLE,50224275.0,0.19332628140205957,0.19332628140205957,-0.006268382528598737,3770589.8468208527,0.44589992140424417,0.8223735918260414,3400.0,417.0,3400.0,417.0,0.1673529411764706,0.01970495769699024,45090825.0,5133450.0,0.17153090835736107,0.0217953730446985,2924453.919556535,846135.9272643179,0.29705882352941176,0.1488410978748324,0.9229411764705883,-0.10056758464454685,Observed,Derived,P3/P6,Project2_CreditPortfolioMonitoring_GoldCandidate_v2_1_4,Origination-cohort outcome metrics use matured denominators,2012-06
2012-07,4627,4627,0,1.0,819,0.17700453857791226,ASSESSABLE,60294525.0,0.1967505738849551,0.1967505738849551,-0.01974603530704283,4580890.323971627,0.4659606656580938,0.8206181110870975,3817.0,810.0,3817.0,810.0,0.18705789887346083,-0.010053360295548569,50224275.0,10070250.0,0.19332628140205957,0.0034242924828955246,3770589.8468208527,810300.4771507746,0.44589992140424417,0.020060744253849627,0.8223735918260414,-0.0017554807389439375,Observed,Derived,P3/P6,Project2_CreditPortfolioMonitoring_GoldCandidate_v2_1_4,Origination-cohort outcome metrics use matured denominators,2012-07
2012-08,5419,5419,0,1.0,884,0.1631297287322384,ASSESSABLE,70078650.0,0.1915224188734094,0.1915224188734094,-0.02839269014117099,5143150.092953378,0.43181398782063113,0.8422218121424617,4627.0,792.0,4627.0,792.0,0.17700453857791226,-0.013874809845673852,60294525.0,9784125.0,0.1967505738849551,-0.005228155011545693,4580890.323971627,562259.768981751,0.4659606656580938,-0.03414667783746267,0.8206181110870975,0.021603701055364244,Observed,Derived,P3/P6,Project2_CreditPortfolioMonitoring_GoldCandidate_v2_1_4,Origination-cohort outcome metrics use matured denominators,2012-08
2012-09,6087,6087,0,1.0,951,0.15623459832429767,ASSESSABLE,77027750.0,0.19539576109745765,0.19539576109745765,-0.03916116277315998,5827113.056840633,0.44767537374733035,0.8288155084606539,5419.0,668.0,5419.0,668.0,0.1631297287322384,-0.006895130407940736,70078650.0,6949100.0,0.1915224188734094,0.003873342224048254,5143150.092953378,683962.9638872547,0.43181398782063113,0.015861385926699223,0.8422218121424617,-0.01340630368180784,Observed,Derived,P3/P6,Project2_CreditPortfolioMonitoring_GoldCandidate_v2_1_4,Origination-cohort outcome metrics use matured denominators,2012-09
2012-10,6263,6263,0,1.0,962,0.15360051093725052,ASSESSABLE,82042125.0,0.19767247416825007,0.19767247416825007,-0.044071963230999545,6289235.60297481,0.46894459524189686,0.8250039916972697,6087.0,176.0,6087.0,176.0,0.15623459832429767,-0.0026340873870471515,77027750.0,5014375.0,0.19539576109745765,0.0022767130707924133,5827113.056840633,462122.54613417666,0.44767537374733035,0.021269221494566504,0.8288155084606539,-0.003811516763384204,Observed,Derived,P3/P6,Project2_CreditPortfolioMonitoring_GoldCandidate_v2_1_4,Origination-cohort outcome metrics use matured denominators,2012-10
2012-11,6382,6382,0,1.0,1029,0.16123472265747416,ASSESSABLE,87696350.0,0.19862774067409045,0.19862774067409045,-0.03739301801661629,6819471.002816316,0.4808837355061109,0.8176120338451895,6263.0,119.0,6263.0,119.0,0.15360051093725052,0.007634211720223633,82042125.0,5654225.0,0.19767247416825007,0.0009552665058403798,6289235.60297481,530235.399841506,0.46894459524189686,0.011939140264214054,0.8250039916972697,-0.007391957852080133,Observed,Derived,P3/P6,Project2_CreditPortfolioMonitoring_GoldCandidate_v2_1_4,Origination-cohort outcome metrics use matured denominators,2012-11
2012-12,6066,6066,0,1.0,916,0.15100560501153973,ASSESSABLE,94090450.0,0.19935300635367928,0.19935300635367928,-0.04834740134213955,7422214.681615833,0.49521925486317175,0.8206396307286515,6382.0,-316.0,6382.0,-316.0,0.16123472265747416,-0.010229117645934427,87696350.0,6394100.0,0.19862774067409045,0.0007252656795888324,6819471.002816316,602743.6787995175,0.4808837355061109,0.014335519357060844,0.8176120338451895,0.0030275968834619915,Observed,Derived,P3/P6,Project2_CreditPortfolioMonitoring_GoldCandidate_v2_1_4,Origination-cohort outcome metrics use matured denominators,2012-12
2013-01,6872,6872,0,1.0,1050,0.15279394644935973,ASSESSABLE,105074375.0,0.20256056616296783,0.20256056616296783,-0.0497666197136081,8418487.760775506,0.5065483119906868,0.8143189755529686,6066.0,806.0,6066.0,806.0,0.15100560501153973,0.0017883414378200013,94090450.0,10983925.0,0.19935300635367928,0.0032075598092885516,7422214.681615833,996273.0791596733,0.49521925486317175,0.011329057127515085,0.8206396307286515,-0.006320655175682921,Observed,Derived,P3/P6,Project2_CreditPortfolioMonitoring_GoldCandidate_v2_1_4,Origination-cohort outcome metrics use matured denominators,2013-01
2013-02,7561,7561,0,1.0,1160,0.1534188599391615,ASSESSABLE,120171375.0,0.20175557877631273,0.20175557877631273,-0.04833671883715124,9575642.055222113,0.5031080544901468,0.8199973548472425,6872.0,689.0,6872.0,689.0,0.15279394644935973,0.0006249134898017594,105074375.0,15097000.0,0.20256056616296783,-0.0008049873866551038,8418487.760775506,1157154.2944466062,0.5065483119906868,-0.0034402575005400005,0.8143189755529686,0.005678379294273839,Observed,Derived,P3/P6,Project2_CreditPortfolioMonitoring_GoldCandidate_v2_1_4,Origination-cohort outcome metrics use matured denominators,2013-02
2013-03,8273,8273,0,1.0,1200,0.14505016318143357,ASSESSABLE,127643500.0,0.19671847353359154,0.19671847353359154,-0.051668310352157965,9755880.025513027,0.4625891454127886,0.8270276804061405,7561.0,712.0,7561.0,712.0,0.1534188599391615,-0.008368696757727917,120171375.0,7472125.0,0.20175557877631273,-0.00503710524272119,9575642.055222113,180237.97029091418,0.5031080544901468,-0.04051890907735822,0.8199973548472425,0.007030325558898043,Observed,Derived,P3/P6,Project2_CreditPortfolioMonitoring_GoldCandidate_v2_1_4,Origination-cohort outcome metrics use matured denominators,2013-03
2013-04,9419,9419,0,1.0,1504,0.1596772481155112,ASSESSABLE,140125775.0,0.1946365159459619,0.1946365159459619,-0.034959267830450697,10583003.001540389,0.44410234632126555,0.8482853806136532,8273.0,1146.0,8273.0,1146.0,0.14505016318143357,0.014627084934077633,127643500.0,12482275.0,0.19671847353359154,-0.002081957587629635,9755880.025513027,827122.976027362,0.4625891454127886,-0.018486799091523065,0.8270276804061405,0.02125770020751272,Observed,Derived,P3/P6,Project2_CreditPortfolioMonitoring_GoldCandidate_v2_1_4,Origination-cohort outcome metrics use matured denominators,2013-04
2013-05,10350,10350,0,1.0,1720,0.16618357487922705,ASSESSABLE,148036475.0,0.19962101266659607,0.19962101266659607,-0.03343743778736902,11652018.643664641,0.48531400966183574,0.83256038647343,9419.0,931.0,9419.0,931.0,0.1596772481155112,0.006506326763715847,140125775.0,7910700.0,0.1946365159459619,0.004984496720634168,10583003.001540389,1069015.6421242524,0.44410234632126555,0.04121166334057019,0.8482853806136532,-0.015724994140223214,Observed,Derived,P3/P6,Project2_CreditPortfolioMonitoring_GoldCandidate_v2_1_4,Origination-cohort outcome metrics use matured denominators,2013-05
2013-06,10899,10899,0,1.0,1761,0.16157445637214424,ASSESSABLE,158063375.0,0.19771697374901526,0.19771697374901526,-0.03614251737687102,12295329.753529282,0.47738324616937333,0.8365905128910909,10350.0,549.0,10350.0,549.0,0.16618357487922705,-0.0046091185070828156,148036475.0,10026900.0,0.19962101266659607,-0.0019040389175808137,11652018.643664641,643311.109864641,0.48531400966183574,-0.007930763492462412,0.83256038647343,0.004030126417660873,Observed,Derived,P3/P6,Project2_CreditPortfolioMonitoring_GoldCandidate_v2_1_4,Origination-cohort outcome metrics use matured denominators,2013-06
2013-07,11910,11910,0,1.0,1854,0.15566750629722922,ASSESSABLE,170776825.0,0.19627133540681863,0.19627133540681863,-0.0406038291095894,13064012.898687758,0.463056255247691,0.8465994962216624,10899.0,1011.0,10899.0,1011.0,0.16157445637214424,-0.005906950074915013,158063375.0,12713450.0,0.19771697374901526,-0.0014456383421966312,12295329.753529282,768683.1451584753,0.47738324616937333,-0.014326990921682325,0.8365905128910909,0.010008983330571541,Observed,Derived,P3/P6,Project2_CreditPortfolioMonitoring_GoldCandidate_v2_1_4,Origination-cohort outcome metrics use matured denominators,2013-07
2013-08,12674,12674,0,1.0,1941,0.15314817737099573,ASSESSABLE,180032675.0,0.19420580159463174,0.19420580159463174,-0.04105762422363601,13575156.726569764,0.4528956919678081,0.8513492188732839,11910.0,764.0,11910.0,764.0,0.15566750629722922,-0.002519328926233494,170776825.0,9255850.0,0.19627133540681863,-0.0020655338121868816,13064012.898687758,511143.82788200676,0.463056255247691,-0.010160563279882906,0.8465994962216624,0.004749722651621435,Observed,Derived,P3/P6,Project2_CreditPortfolioMonitoring_GoldCandidate_v2_1_4,Origination-cohort outcome metrics use matured denominators,2013-08
2013-09,12987,12987,0,1.0,2052,0.158004158004158,ASSESSABLE,187911125.0,0.19698246835394956,0.19698246835394956,-0.038978310349791545,14501216.099506514,0.4744744744744745,0.8403788403788404,12674.0,313.0,12674.0,313.0,0.15314817737099573,0.004855980633162282,180032675.0,7878450.0,0.19420580159463174,0.002776666759317814,13575156.726569764,926059.3729367498,0.4528956919678081,0.021578782506666394,0.8513492188732839,-0.010970378494443489,Observed,Derived,P3/P6,Project2_CreditPortfolioMonitoring_GoldCandidate_v2_1_4,Origination-cohort outcome metrics use matured denominators,2013-09
2013-10,14127,14127,0,1.0,2217,0.15693353153535783,ASSESSABLE,204744300.0,0.19656684608187489,0.19656684608187489,-0.03963331454651706,15638995.685890503,0.47582643165569477,0.8350676010476392,12987.0,1140.0,12987.0,1140.0,0.158004158004158,-0.0010706264688001843,187911125.0,16833175.0,0.19698246835394956,-0.00041562227207467273,14501216.099506514,1137779.586383989,0.4744744744744745,0.0013519571812202757,0.8403788403788404,-0.005311239331201145,Observed,Derived,P3/P6,Project2_CreditPortfolioMonitoring_GoldCandidate_v2_1_4,Origination-cohort outcome metrics use matured denominators,2013-10
2013-11,14720,14720,0,1.0,2266,0.15394021739130434,ASSESSABLE,215992725.0,0.19732139365103843,0.19732139365103843,-0.04338117625973409,16682734.377443608,0.48213315217391306,0.8340353260869565,14127.0,593.0,14127.0,593.0,0.15693353153535783,-0.0029933141440534883,204744300.0,11248425.0,0.19656684608187489,0.0007545475691635439,15638995.685890503,1043738.6915531047,0.47582643165569477,0.0063067205182182895,0.8350676010476392,-0.0010322749606826997,Observed,Derived,P3/P6,Project2_CreditPortfolioMonitoring_GoldCandidate_v2_1_4,Origination-cohort outcome metrics use matured denominators,2013-11
2013-12,15012,15012,0,1.0,2299,0.1531441513455902,ASSESSABLE,224040475.0,0.19667164609849802,0.19667164609849802,-0.04352749475290782,17161477.943467792,0.47422062350119903,0.8373967492672528,14720.0,292.0,14720.0,292.0,0.15394021739130434,-0.0007960660457141389,215992725.0,8047750.0,0.19732139365103843,-0.0006497475525404084,16682734.377443608,478743.5660241842,0.48213315217391306,-0.007912528672714025,0.8340353260869565,0.003361423180296308,Observed,Derived,P3/P6,Project2_CreditPortfolioMonitoring_GoldCandidate_v2_1_4,Origination-cohort outcome metrics use matured denominators,2013-12
2014-01,15614,15614,0,1.0,2477,0.1586396823363648,ASSESSABLE,232414050.0,0.20284186861776932,0.20284186861776932,-0.044202186281404515,18609624.23558816,0.5227360061483284,0.8128602536185474,15012.0,602.0,15012.0,602.0,0.1531441513455902,0.0054955309907746,224040475.0,8373575.0,0.19667164609849802,0.006170222519271296,17161477.943467792,1448146.2921203673,0.47422062350119903,0.048515382647129346,0.8373967492672528,-0.024536495648705414,Observed,Derived,P3/P6,Project2_CreditPortfolioMonitoring_GoldCandidate_v2_1_4,Origination-cohort outcome metrics use matured denominators,2014-01
2014-02,15205,15205,0,1.0,2525,0.16606379480434066,ASSESSABLE,228751475.0,0.2023841596802961,0.2023841596802961,-0.03632036487595544,18203980.046521507,0.5218020388030253,0.8146662282144032,15614.0,-409.0,15614.0,-409.0,0.1586396823363648,0.007424112467975863,232414050.0,-3662575.0,0.20284186861776932,-0.0004577089374732113,18609624.23558816,-405644.1890666522,0.5227360061483284,-0.0009339673453030439,0.8128602536185474,0.0018059745958557416,Observed,Derived,P3/P6,Project2_CreditPortfolioMonitoring_GoldCandidate_v2_1_4,Origination-cohort outcome metrics use matured denominators,2014-02
2014-03,16194,16194,0,1.0,2749,0.16975422996171421,ASSESSABLE,239536875.0,0.20324736736190993,0.20324736736190993,-0.033493137400195716,19128876.175127402,0.5221687044584414,0.8119056440657033,15205.0,989.0,15205.0,989.0,0.16606379480434066,0.0036904351573735505,228751475.0,10785400.0,0.2023841596802961,0.0008632076816138257,18203980.046521507,924896.1286058947,0.5218020388030253,0.0003666656554160985,0.8146662282144032,-0.0027605841486998406,Observed,Derived,P3/P6,Project2_CreditPortfolioMonitoring_GoldCandidate_v2_1_4,Origination-cohort outcome metrics use matured denominators,2014-03
2014-04,18172,18172,0,1.0,3320,0.18269865727492846,ASSESSABLE,263369025.0,0.20139996392293272,0.20139996392293272,-0.018701306648004262,20724909.85228408,0.5077041602465331,0.8203279771076382,16194.0,1978.0,16194.0,1978.0,0.16975422996171421,0.01294442731321424,239536875.0,23832150.0,0.20324736736190993,-0.0018474034389772132,19128876.175127402,1596033.6771566793,0.5221687044584414,-0.014464544211908348,0.8119056440657033,0.008422333041934849,Observed,Derived,P3/P6,Project2_CreditPortfolioMonitoring_GoldCandidate_v2_1_4,Origination-cohort outcome metrics use matured denominators,2014-04
2014-05,18098,18098,0,1.0,3321,0.18350093933031275,ASSESSABLE,260631925.0,0.20084330297246017,0.20084330297246017,-0.017342363642147418,20382874.096819166,0.5067963310863078,0.8193170516079125,18172.0,-74.0,18172.0,-74.0,0.18269865727492846,0.0008022820553842958,263369025.0,-2737100.0,0.20139996392293272,-0.0005566609504725484,20724909.85228408,-342035.7554649152,0.5077041602465331,-0.0009078291602252486,0.8203279771076382,-0.0010109254997257011,Observed,Derived,P3/P6,Project2_CreditPortfolioMonitoring_GoldCandidate_v2_1_4,Origination-cohort outcome metrics use matured denominators,2014-05
2014-06,16186,16186,0,1.0,3125,0.19306808352897567,ASSESSABLE,236150625.0,0.20202778688456302,0.20202778688456302,-0.00895970335558735,18696206.934381865,0.5182874088718645,0.8097738786605708,18098.0,-1912.0,18098.0,-1912.0,0.18350093933031275,0.009567144198662919,260631925.0,-24481300.0,0.20084330297246017,0.0011844839121028516,20382874.096819166,-1686667.1624373011,0.5067963310863078,0.011491077785556691,0.8193170516079125,-0.009543172947341638,Observed,Derived,P3/P6,Project2_CreditPortfolioMonitoring_GoldCandidate_v2_1_4,Origination-cohort outcome metrics use matured denominators,2014-06
2014-07,27547,27547,0,1.0,5174,0.18782444549315716,ASSESSABLE,398321825.0,0.2039125277659621,0.2039125277659621,-0.01608808227280495,32017895.187287856,0.5334882201328638,0.8031001560968527,16186.0,11361.0,16186.0,11361.0,0.19306808352897567,-0.00524363803581851,236150625.0,162171200.0,0.20202778688456302,0.0018847408813990885,18696206.934381865,13321688.25290599,0.5182874088718645,0.015200811260999259,0.8097738786605708,-0.006673722563718121,Observed,Derived,P3/P6,Project2_CreditPortfolioMonitoring_GoldCandidate_v2_1_4,Origination-cohort outcome metrics use matured denominators,2014-07
2014-08,17730,17730,0,1.0,3336,0.18815566835871406,ASSESSABLE,259557025.0,0.20336748336258337,0.20336748336258337,-0.015211815003869311,20538144.766323045,0.5135927805978567,0.7822335025380711,27547.0,-9817.0,27547.0,-9817.0,0.18782444549315716,0.00033122286555689606,398321825.0,-138764800.0,0.2039125277659621,-0.0005450444033787416,32017895.187287856,-11479750.420964811,0.5334882201328638,-0.019895439535007053,0.8031001560968527,-0.02086665355878159,Observed,Derived,P3/P6,Project2_CreditPortfolioMonitoring_GoldCandidate_v2_1_4,Origination-cohort outcome metrics use matured denominators,2014-08
2014-09,9960,9960,0,1.0,1879,0.18865461847389559,ASSESSABLE,146371125.0,0.20315585061934696,0.20315585061934696,-0.014501232145451376,11589261.136946179,0.5169678714859438,0.7788152610441768,17730.0,-7770.0,17730.0,-7770.0,0.18815566835871406,0.000498950115181529,259557025.0,-113185900.0,0.20336748336258337,-0.00021163274323640624,20538144.766323045,-8948883.629376866,0.5135927805978567,0.0033750908880870734,0.7822335025380711,-0.0034182414938943584,Observed,Derived,P3/P6,Project2_CreditPortfolioMonitoring_GoldCandidate_v2_1_4,Origination-cohort outcome metrics use matured denominators,2014-09
2014-10,36072,36072,0,1.0,7103,0.1969117320913728,ASSESSABLE,518141400.0,0.2135060329062554,0.2135060329062554,-0.016594300814882584,43850328.20912352,0.5765413617210025,0.745703038367709,9960.0,26112.0,9960.0,26112.0,0.18865461847389559,0.008257113617477219,146371125.0,371770275.0,0.20315585061934696,0.010350182286908427,11589261.136946179,32261067.072177343,0.5169678714859438,0.059573490235058646,0.7788152610441768,-0.03311222267646774,Observed,Derived,P3/P6,Project2_CreditPortfolioMonitoring_GoldCandidate_v2_1_4,Origination-cohort outcome metrics use matured denominators,2014-10
2014-11,22957,22957,0,1.0,4421,0.19257742736420264,ASSESSABLE,331556250.0,0.21100024209561152,0.21100024209561152,-0.018422814731408887,27539551.910912775,0.5587402535174456,0.7574595983795792,36072.0,-13115.0,36072.0,-13115.0,0.1969117320913728,-0.0043343047271701685,518141400.0,-186585150.0,0.2135060329062554,-0.0025057908106438653,43850328.20912352,-16310776.298210748,0.5765413617210025,-0.017801108203556848,0.745703038367709,0.011756560011870199,Observed,Derived,P3/P6,Project2_CreditPortfolioMonitoring_GoldCandidate_v2_1_4,Origination-cohort outcome metrics use matured denominators,2014-11
2014-12,9367,9367,0,1.0,1731,0.18479769403224083,ASSESSABLE,138675900.0,0.2016742999239541,0.2016742999239541,-0.016876605891713276,10803612.107632257,0.5043236895484147,0.7909682929433116,22957.0,-13590.0,22957.0,-13590.0,0.19257742736420264,-0.007779733331961802,331556250.0,-192880350.0,0.21100024209561152,-0.009325942171657414,27539551.910912775,-16735939.803280517,0.5587402535174456,-0.05441656396903094,0.7574595983795792,0.0335086945637324,Observed,Derived,P3/P6,Project2_CreditPortfolioMonitoring_GoldCandidate_v2_1_4,Origination-cohort outcome metrics use matured denominators,2014-12
2015-01,32216,32216,0,1.0,6458,0.2004593990563695,ASSESSABLE,474901275.0,0.2113291159323617,0.2113291159323617,-0.010869716875992197,39552599.118979685,0.5627017630990812,0.7670412217531661,9367.0,22849.0,9367.0,22849.0,0.18479769403224083,0.01566170502412867,138675900.0,336225375.0,0.2016742999239541,0.00965481600840759,10803612.107632257,28748987.011347428,0.5043236895484147,0.05837807355066649,0.7909682929433116,-0.023927071190145477,Observed,Derived,P3/P6,Project2_CreditPortfolioMonitoring_GoldCandidate_v2_1_4,Origination-cohort outcome metrics use matured denominators,2015-01
2015-02,21656,21656,0,1.0,4198,0.19384927964536386,ASSESSABLE,323130225.0,0.20960092700366653,0.20960092700366653,-0.015751647358302673,26776963.32618404,0.5531492427041005,0.7762282970077576,32216.0,-10560.0,32216.0,-10560.0,0.2004593990563695,-0.006610119411005644,474901275.0,-151771050.0,0.2113291159323617,-0.001728188928695168,39552599.118979685,-12775635.792795643,0.5627017630990812,-0.009552520394980668,0.7670412217531661,0.009187075254591504,Observed,Derived,P3/P6,Project2_CreditPortfolioMonitoring_GoldCandidate_v2_1_4,Origination-cohort outcome metrics use matured denominators,2015-02
2015-03,22931,22931,0,1.0,4779,0.20840783219222886,ASSESSABLE,339895075.0,0.21112293713880834,0.21112293713880834,-0.0027151049465794774,28339572.512287818,0.5594173825825302,0.7708778509441367,21656.0,1275.0,21656.0,1275.0,0.19384927964536386,0.014558552546865,323130225.0,16764850.0,0.20960092700366653,0.0015220101351418047,26776963.32618404,1562609.186103776,0.5531492427041005,0.006268139878429668,0.7762282970077576,-0.005350446063620895,Observed,Derived,P3/P6,Project2_CreditPortfolioMonitoring_GoldCandidate_v2_1_4,Origination-cohort outcome metrics use matured denominators,2015-03
2015-04,31785,31785,0,1.0,6509,0.20478212993550418,ASSESSABLE,465884250.0,0.2089717531951113,0.2089717531951113,-0.004189623259607117,38338405.150326096,0.5516753185464842,0.7772534214252006,22931.0,8854.0,22931.0,8854.0,0.20840783219222886,-0.0036257022567246777,339895075.0,125989175.0,0.21112293713880834,-0.002151183943697038,28339572.512287818,9998832.638038278,0.5594173825825302,-0.007742064036045937,0.7708778509441367,0.0063755704810638525,Observed,Derived,P3/P6,Project2_CreditPortfolioMonitoring_GoldCandidate_v2_1_4,Origination-cohort outcome metrics use matured denominators,2015-04
2015-05,28711,28711,0,1.0,5882,0.20486921389014665,ASSESSABLE,418619950.0,0.2089428005161062,0.2089428005161062,-0.004073586625959552,34438843.92700507,0.5459928250496325,0.7745811709797639,31785.0,-3074.0,31785.0,-3074.0,0.20478212993550418,8.708395464246399e-05,465884250.0,-47264300.0,0.2089717531951113,-2.89526790051009e-05,38338405.150326096,-3899561.223321028,0.5516753185464842,-0.005682493496851682,0.7772534214252006,-0.00267225044543673,Observed,Derived,P3/P6,Project2_CreditPortfolioMonitoring_GoldCandidate_v2_1_4,Origination-cohort outcome metrics use matured denominators,2015-05
2015-06,25446,25446,0,1.0,5294,0.20804841625402815,ASSESSABLE,368740900.0,0.20822772424624833,0.20822772424624833,-0.00017930799222018456,30165975.744257934,0.545350939243889,0.7793759333490529,28711.0,-3265.0,28711.0,-3265.0,0.20486921389014665,0.0031792023638815003,418619950.0,-49879050.0,0.2089428005161062,-0.0007150762698578672,34438843.92700507,-4272868.182747133,0.5459928250496325,-0.0006418858057435362,0.7745811709797639,0.004794762369288996,Observed,Derived,P3/P6,Project2_CreditPortfolioMonitoring_GoldCandidate_v2_1_4,Origination-cohort outcome metrics use matured denominators,2015-06
2015-07,41053,41053,0,1.0,8300,0.20217767276447518,ASSESSABLE,597501225.0,0.208247709454134,0.208247709454134,-0.006070036689658831,48861992.95882541,0.5456117701507807,0.7708571846150098,25446.0,15607.0,25446.0,15607.0,0.20804841625402815,-0.005870743489552965,368740900.0,228760325.0,0.20822772424624833,1.9985207885681033e-05,30165975.744257934,18696017.214567475,0.545350939243889,0.00026083090689166255,0.7793759333490529,-0.008518748734043013,Observed,Derived,P3/P6,Project2_CreditPortfolioMonitoring_GoldCandidate_v2_1_4,Origination-cohort outcome metrics use matured denominators,2015-07
2015-08,31701,31701,0,1.0,6339,0.199962146304533,ASSESSABLE,470799725.0,0.20534578366172146,0.20534578366172146,-0.00538363735718847,38006746.47154847,0.532727674205861,0.7931295542727359,41053.0,-9352.0,41053.0,-9352.0,0.20217767276447518,-0.002215526459942191,597501225.0,-126701500.0,0.208247709454134,-0.002901925792412552,48861992.95882541,-10855246.487276942,0.5456117701507807,-0.012884095944919682,0.7708571846150098,0.022272369657726054,Observed,Derived,P3/P6,Project2_CreditPortfolioMonitoring_GoldCandidate_v2_1_4,Origination-cohort outcome metrics use matured denominators,2015-08
2015-09,25150,25150,0,1.0,5180,0.20596421471172963,ASSESSABLE,378938975.0,0.20506168454126972,0.20506168454126972,0.0009025301704599087,30490635.579036523,0.5271570576540755,0.7854075546719682,31701.0,-6551.0,31701.0,-6551.0,0.199962146304533,0.006002068407196637,470799725.0,-91860750.0,0.20534578366172146,-0.0002840991204517418,38006746.47154847,-7516110.892511945,0.532727674205861,-0.005570616551785479,0.7931295542727359,-0.007721999600767693,Observed,Derived,P3/P6,Project2_CreditPortfolioMonitoring_GoldCandidate_v2_1_4,Origination-cohort outcome metrics use matured denominators,2015-09
2015-10,42986,42986,0,1.0,8188,0.1904806215977295,ASSESSABLE,624220100.0,0.20540097791308284,0.20540097791308284,-0.01492035631535335,50202828.28780371,0.5302889312799516,0.7877215837714605,25150.0,17836.0,25150.0,17836.0,0.20596421471172963,-0.015483593114000133,378938975.0,245281125.0,0.20506168454126972,0.00033929337181312635,30490635.579036523,19712192.708767187,0.5271570576540755,0.0031318736258760804,0.7854075546719682,0.0023140290994922985,Observed,Derived,P3/P6,Project2_CreditPortfolioMonitoring_GoldCandidate_v2_1_4,Origination-cohort outcome metrics use matured denominators,2015-10
2015-11,32907,32907,0,1.0,6539,0.1987115203452153,ASSESSABLE,475687625.0,0.20579646909654736,0.20579646909654736,-0.00708494875133206,38316701.58258495,0.533473121220409,0.782234782872945,42986.0,-10079.0,42986.0,-10079.0,0.1904806215977295,0.00823089874748581,624220100.0,-148532475.0,0.20540097791308284,0.00039549118346451917,50202828.28780371,-11886126.705218762,0.5302889312799516,0.003184189940457438,0.7877215837714605,-0.005486800898515498,Observed,Derived,P3/P6,Project2_CreditPortfolioMonitoring_GoldCandidate_v2_1_4,Origination-cohort outcome metrics use matured denominators,2015-11
2015-12,39001,39001,0,1.0,8136,0.2086100356401118,ASSESSABLE,560223125.0,0.2073287831985659,0.2073287831985659,0.0012812524415458937,45683820.90313952,0.5424989102843517,0.7746468039281044,32907.0,6094.0,32907.0,6094.0,0.1987115203452153,0.009898515294896493,475687625.0,84535500.0,0.20579646909654736,0.0015323141020185393,38316701.58258495,7367119.320554569,0.533473121220409,0.00902578906394269,0.782234782872945,-0.007587978944840645,Observed,Derived,P3/P6,Project2_CreditPortfolioMonitoring_GoldCandidate_v2_1_4,Origination-cohort outcome metrics use matured denominators,2015-12
2016-01,28396,28396,0,1.0,5461,0.19231581912945486,ASSESSABLE,435540825.0,0.20252353371845863,0.20252353371845863,-0.010207714589003769,34744372.44397367,0.5089449218199746,0.7790886040287365,39001.0,-10605.0,39001.0,-10605.0,0.2086100356401118,-0.016294216510656934,560223125.0,-124682300.0,0.2073287831985659,-0.004805249480107271,45683820.90313952,-10939448.459165849,0.5424989102843517,-0.03355398846437707,0.7746468039281044,0.0044418001006321095,Observed,Derived,P3/P6,Project2_CreditPortfolioMonitoring_GoldCandidate_v2_1_4,Origination-cohort outcome metrics use matured denominators,2016-01
2016-02,34597,34597,0,1.0,6733,0.1946122496170188,ASSESSABLE,518952700.0,0.20713640518453508,0.20713640518453508,-0.012524155567516265,42392254.80504891,0.5320403503193919,0.7535624476110645,28396.0,6201.0,28396.0,6201.0,0.19231581912945486,0.0022964304875639496,435540825.0,83411875.0,0.20252353371845863,0.004612871466076446,34744372.44397367,7647882.361075245,0.5089449218199746,0.02309542849941726,0.7790886040287365,-0.025526156417671975,Observed,Derived,P3/P6,Project2_CreditPortfolioMonitoring_GoldCandidate_v2_1_4,Origination-cohort outcome metrics use matured denominators,2016-02
2016-03,48927,48927,0,1.0,10590,0.216444907719664,ASSESSABLE,719869100.0,0.2066025319255769,0.2066025319255769,0.009842375794087088,58056207.74875975,0.5316287530402436,0.7541030514848652,34597.0,14330.0,34597.0,14330.0,0.1946122496170188,0.021832658102645175,518952700.0,200916400.0,0.20713640518453508,-0.0005338732589581785,42392254.80504891,15663952.943710834,0.5320403503193919,-0.00041159727914830135,0.7535624476110645,0.0005406038738007268,Observed,Derived,P3/P6,Project2_CreditPortfolioMonitoring_GoldCandidate_v2_1_4,Origination-cohort outcome metrics use matured denominators,2016-03
2016-04,24099,24099,0,1.0,6171,0.25606871654425495,ASSESSABLE,346331700.0,0.20467694596671182,0.20467694596671182,0.05139177057754313,27582371.078019306,0.5193576496950081,0.7666708162164405,48927.0,-24828.0,48927.0,-24828.0,0.216444907719664,0.03962380882459096,719869100.0,-373537400.0,0.2066025319255769,-0.001925585958865078,58056207.74875975,-30473836.67074044,0.5316287530402436,-0.012271103345235512,0.7541030514848652,0.012567764731575282,Observed,Derived,P3/P6,Project2_CreditPortfolioMonitoring_GoldCandidate_v2_1_4,Origination-cohort outcome metrics use matured denominators,2016-04
2016-05,18106,18106,0,1.0,4739,0.26173644095879817,ASSESSABLE,260701050.0,0.2086816818688441,0.2086816818688441,0.05305475908995408,21369745.527443107,0.5437424058323208,0.7484259361537612,24099.0,-5993.0,24099.0,-5993.0,0.25606871654425495,0.005667724414543218,346331700.0,-85630650.0,0.20467694596671182,0.004004735902132267,27582371.078019306,-6212625.550576199,0.5193576496950081,0.024384756137312724,0.7666708162164405,-0.018244880062679325,Observed,Derived,P3/P6,Project2_CreditPortfolioMonitoring_GoldCandidate_v2_1_4,Origination-cohort outcome metrics use matured denominators,2016-05
2016-06,20732,20732,0,1.0,5040,0.24310245031834846,ASSESSABLE,301644875.0,0.199217432209276,0.199217432209276,0.04388501810907244,23668127.246190336,0.49368126567624926,0.8026721975689755,18106.0,2626.0,18106.0,2626.0,0.26173644095879817,-0.01863399064044971,260701050.0,40943825.0,0.2086816818688441,-0.009464249659568075,21369745.527443107,2298381.7187472284,0.5437424058323208,-0.05006114015607155,0.7484259361537612,0.05424626141521427,Observed,Derived,P3/P6,Project2_CreditPortfolioMonitoring_GoldCandidate_v2_1_4,Origination-cohort outcome metrics use matured denominators,2016-06
2016-07,21724,21724,0,1.0,5781,0.26611121340452953,ASSESSABLE,303343250.0,0.20433042843901658,0.20433042843901658,0.06178078496551295,24750740.129069395,0.5261461977536366,0.7871938869453139,20732.0,992.0,20732.0,992.0,0.24310245031834846,0.023008763086181078,301644875.0,1698375.0,0.199217432209276,0.0051129962297405684,23668127.246190336,1082612.8828790598,0.49368126567624926,0.03246493207738732,0.8026721975689755,-0.015478310623661562,Observed,Derived,P3/P6,Project2_CreditPortfolioMonitoring_GoldCandidate_v2_1_4,Origination-cohort outcome metrics use matured denominators,2016-07
2016-08,22258,22258,0,1.0,5822,0.2615688741126786,ASSESSABLE,315721775.0,0.2040183166326355,0.2040183166326355,0.05755055748004309,25780882.260062285,0.5264174678767185,0.797915356276395,21724.0,534.0,21724.0,534.0,0.26611121340452953,-0.004542339291850939,303343250.0,12378525.0,0.20433042843901658,-0.00031211180638107683,24750740.129069395,1030142.1309928894,0.5261461977536366,0.00027127012308192366,0.7871938869453139,0.01072146933108109,Observed,Derived,P3/P6,Project2_CreditPortfolioMonitoring_GoldCandidate_v2_1_4,Origination-cohort outcome metrics use matured denominators,2016-08
2016-09,16906,16906,0,1.0,4202,0.24855081036318466,ASSESSABLE,237475225.0,0.2009518240674524,0.2009518240674524,0.047598986295732254,18952557.80530131,0.5108245593280493,0.8046847273157459,22258.0,-5352.0,22258.0,-5352.0,0.2615688741126786,-0.013018063749493936,315721775.0,-78246550.0,0.2040183166326355,-0.0030664925651830988,25780882.260062285,-6828324.454760976,0.5264174678767185,-0.015592908548669238,0.797915356276395,0.006769371039350935,Observed,Derived,P3/P6,Project2_CreditPortfolioMonitoring_GoldCandidate_v2_1_4,Origination-cohort outcome metrics use matured denominators,2016-09
2016-10,18952,18952,0,1.0,4253,0.22440903334740397,ASSESSABLE,263994450.0,0.20085427788515786,0.20085427788515786,0.023554755462246113,20916472.45844201,0.5032714225411566,0.7995989869143099,16906.0,2046.0,16906.0,2046.0,0.24855081036318466,-0.024141777015780685,237475225.0,26519225.0,0.2009518240674524,-9.754618229454448e-05,18952557.80530131,1963914.6531407014,0.5108245593280493,-0.0075531367868926225,0.8046847273157459,-0.005085740401436056,Observed,Derived,P3/P6,Project2_CreditPortfolioMonitoring_GoldCandidate_v2_1_4,Origination-cohort outcome metrics use matured denominators,2016-10
2016-11,18994,18994,0,1.0,4610,0.24270822364957356,ASSESSABLE,266302450.0,0.20307083545170346,0.20307083545170346,0.039637388197870105,21422030.30684228,0.5172159629356639,0.7926713699062862,18952.0,42.0,18952.0,42.0,0.22440903334740397,0.018299190302169588,263994450.0,2308000.0,0.20085427788515786,0.002216557566545596,20916472.45844201,505557.8484002687,0.5032714225411566,0.01394454039450721,0.7995989869143099,-0.00692761700802369,Observed,Derived,P3/P6,Project2_CreditPortfolioMonitoring_GoldCandidate_v2_1_4,Origination-cohort outcome metrics use matured denominators,2016-11
2016-12,19366,19366,0,1.0,4827,0.24925126510379014,ASSESSABLE,269818750.0,0.20533591762773726,0.20533591762773726,0.043915347476052885,22096102.83868687,0.5310854074150573,0.7765671795931013,18994.0,372.0,18994.0,372.0,0.24270822364957356,0.0065430414542165805,266302450.0,3516300.0,0.20307083545170346,0.0022650821760338002,21422030.30684228,674072.5318445899,0.5172159629356639,0.013869444479393422,0.7926713699062862,-0.016104190313184885,Observed,Derived,P3/P6,Project2_CreditPortfolioMonitoring_GoldCandidate_v2_1_4,Origination-cohort outcome metrics use matured denominators,2016-12
2017-01,16391,16391,0,1.0,3718,0.22683179793789274,ASSESSABLE,237662150.0,0.2006212076238986,0.2006212076238986,0.026210590313994142,18892799.574723814,0.5010066499908487,0.7936062473308523,19366.0,-2975.0,19366.0,-2975.0,0.24925126510379014,-0.022419467165897405,269818750.0,-32156600.0,0.20533591762773726,-0.0047147100038386625,22096102.83868687,-3203303.263963055,0.5310854074150573,-0.030078757424208624,0.7765671795931013,0.01703906773775099,Observed,Derived,P3/P6,Project2_CreditPortfolioMonitoring_GoldCandidate_v2_1_4,Origination-cohort outcome metrics use matured denominators,2017-01
2017-02,13466,13466,0,1.0,3127,0.23221446606267637,ASSESSABLE,197256375.0,0.20032807109530887,0.20032807109530887,0.031886394967367504,15673361.252216998,0.4998514777959305,0.7981583246695381,16391.0,-2925.0,16391.0,-2925.0,0.22683179793789274,0.005382668124783635,237662150.0,-40405775.0,0.2006212076238986,-0.00029313652858972694,18892799.574723814,-3219438.322506815,0.5010066499908487,-0.0011551721949181748,0.7936062473308523,0.004552077338685789,Observed,Derived,P3/P6,Project2_CreditPortfolioMonitoring_GoldCandidate_v2_1_4,Origination-cohort outcome metrics use matured denominators,2017-02
2017-03,17001,17001,0,1.0,3900,0.2293982706899594,ASSESSABLE,245448200.0,0.19825721534553534,0.19825721534553534,0.031141055344424073,19260977.99260468,0.4923828010117052,0.8074819128286571,13466.0,3535.0,13466.0,3535.0,0.23221446606267637,-0.002816195372716962,197256375.0,48191825.0,0.20032807109530887,-0.0020708557497735314,15673361.252216998,3587616.740387682,0.4998514777959305,-0.007468676784225303,0.7981583246695381,0.009323588159119045,Observed,Derived,P3/P6,Project2_CreditPortfolioMonitoring_GoldCandidate_v2_1_4,Origination-cohort outcome metrics use matured denominators,2017-03
2017-04,13095,13095,0,1.0,3117,0.23802978235967925,ASSESSABLE,188134125.0,0.19813924213873474,0.19813924213873474,0.039890540220944515,14746976.928841028,0.4862924780450554,0.7977854142802596,17001.0,-3906.0,17001.0,-3906.0,0.2293982706899594,0.008631511669719844,245448200.0,-57314075.0,0.19825721534553534,-0.00011797320680059786,19260977.99260468,-4514001.063763652,0.4923828010117052,-0.006090322966649797,0.8074819128286571,-0.009696498548397492,Observed,Derived,P3/P6,Project2_CreditPortfolioMonitoring_GoldCandidate_v2_1_4,Origination-cohort outcome metrics use matured denominators,2017-04
2017-05,16143,16143,0,1.0,3866,0.23948460633091742,ASSESSABLE,227207000.0,0.19946847397039483,0.19946847397039483,0.040016132360522594,17917945.090842824,0.49916372421482996,0.788948770364864,13095.0,3048.0,13095.0,3048.0,0.23802978235967925,0.0014548239712381672,188134125.0,39072875.0,0.19813924213873474,0.0013292318316600882,14746976.928841028,3170968.162001796,0.4862924780450554,0.012871246169774586,0.7977854142802596,-0.008836643915395626,Observed,Derived,P3/P6,Project2_CreditPortfolioMonitoring_GoldCandidate_v2_1_4,Origination-cohort outcome metrics use matured denominators,2017-05
2017-06,15218,15218,0,1.0,3598,0.23643054277828887,ASSESSABLE,213609875.0,0.19689567075197273,0.19689567075197273,0.03953487202631614,16623462.423642755,0.48390064397424104,0.8033907215139966,16143.0,-925.0,16143.0,-925.0,0.23948460633091742,-0.0030540635526285498,227207000.0,-13597125.0,0.19946847397039483,-0.0025728032184220984,17917945.090842824,-1294482.6672000699,0.49916372421482996,-0.015263080240588922,0.788948770364864,0.014441951149132604,Observed,Derived,P3/P6,Project2_CreditPortfolioMonitoring_GoldCandidate_v2_1_4,Origination-cohort outcome metrics use matured denominators,2017-06
2017-07,14942,14942,0,1.0,3598,0.2407977513050462,ASSESSABLE,206747850.0,0.1987821117663146,0.1987821117663146,0.04201563953873158,16327612.727745041,0.4908312140275733,0.7907241333154865,15218.0,-276.0,15218.0,-276.0,0.23643054277828887,0.004367208526757316,213609875.0,-6862025.0,0.19689567075197273,0.0018864410143418775,16623462.423642755,-295849.6958977133,0.48390064397424104,0.006930570053332252,0.8033907215139966,-0.012666588198510076,Observed,Derived,P3/P6,Project2_CreditPortfolioMonitoring_GoldCandidate_v2_1_4,Origination-cohort outcome metrics use matured denominators,2017-07
2017-08,15463,15463,0,1.0,3541,0.22899825389639786,ASSESSABLE,211735425.0,0.19639141368283056,0.19639141368283056,0.0326068402135673,16492634.256559681,0.4777856819504624,0.8041777145443963,14942.0,521.0,14942.0,521.0,0.2407977513050462,-0.01179949740864833,206747850.0,4987575.0,0.1987821117663146,-0.0023906980834840497,16327612.727745041,165021.5288146399,0.4908312140275733,-0.0130455320771109,0.7907241333154865,0.013453581228909828,Observed,Derived,P3/P6,Project2_CreditPortfolioMonitoring_GoldCandidate_v2_1_4,Origination-cohort outcome metrics use matured denominators,2017-08
2017-09,13372,13372,0,1.0,3339,0.24970086748429554,ASSESSABLE,195515100.0,0.19694105401067982,0.19694105401067982,0.05275981347361572,15217012.88156051,0.47390068800478613,0.7858959018845348,15463.0,-2091.0,15463.0,-2091.0,0.22899825389639786,0.020702613587897684,211735425.0,-16220325.0,0.19639141368283056,0.0005496403278492656,16492634.256559681,-1275621.3749991711,0.4777856819504624,-0.0038849939456762628,0.8041777145443963,-0.018281812659861507,Observed,Derived,P3/P6,Project2_CreditPortfolioMonitoring_GoldCandidate_v2_1_4,Origination-cohort outcome metrics use matured denominators,2017-09
2017-10,11895,11895,0,1.0,2639,0.22185792349726777,ASSESSABLE,170568125.0,0.19011000870268932,0.19011000870268932,0.03174791479457845,12590639.960968165,0.4340479192938209,0.8191677175283733,13372.0,-1477.0,13372.0,-1477.0,0.24970086748429554,-0.027842943987027774,195515100.0,-24946975.0,0.19694105401067982,-0.006831045307990502,15217012.88156051,-2626372.9205923453,0.47390068800478613,-0.039852768710965214,0.7858959018845348,0.03327181564383841,Observed,Derived,P3/P6,Project2_CreditPortfolioMonitoring_GoldCandidate_v2_1_4,Origination-cohort outcome metrics use matured denominators,2017-10
2017-11,12086,12086,0,1.0,2524,0.2088366705278835,ASSESSABLE,174447200.0,0.18746047324197712,0.18746047324197712,0.021376197285906368,12531971.861707877,0.42123117656792985,0.8317888465993711,11895.0,191.0,11895.0,191.0,0.22185792349726777,-0.013021252969384278,170568125.0,3879075.0,0.19011000870268932,-0.002649535460712199,12590639.960968165,-58668.09926028736,0.4340479192938209,-0.012816742725891062,0.8191677175283733,0.012621129070997883,Observed,Derived,P3/P6,Project2_CreditPortfolioMonitoring_GoldCandidate_v2_1_4,Origination-cohort outcome metrics use matured denominators,2017-11
2017-12,10045,10045,0,1.0,2145,0.21353907416625187,ASSESSABLE,149741725.0,0.18465557190406956,0.18465557190406956,0.02888350226218231,10569204.111432798,0.4011946241911399,0.8413140866102539,12086.0,-2041.0,12086.0,-2041.0,0.2088366705278835,0.00470240363836838,174447200.0,-24705475.0,0.18746047324197712,-0.0028049013379075616,12531971.861707877,-1962767.7502750792,0.42123117656792985,-0.020036552376789973,0.8317888465993711,0.00952524001088273,Observed,Derived,P3/P6,Project2_CreditPortfolioMonitoring_GoldCandidate_v2_1_4,Origination-cohort outcome metrics use matured denominators,2017-12
2018-01,8575,0,8575,0.0,0,,NOT_MATURED_NOT_ASSESSABLE,129881825.0,0.18167909825684178,,,8967448.327954905,0.3848396501457726,0.8452478134110787,10045.0,-1470.0,10045.0,-10045.0,0.21353907416625187,,149741725.0,-19859900.0,0.18465557190406956,,10569204.111432798,-1601755.783477893,0.4011946241911399,-0.016354974045367288,0.8413140866102539,0.003933726800824822,Observed,Derived,P3/P6,Project2_CreditPortfolioMonitoring_GoldCandidate_v2_1_4,Origination-cohort outcome metrics use matured denominators,2018-01
2018-02,6731,0,6731,0.0,0,,NOT_MATURED_NOT_ASSESSABLE,103530525.0,0.18303753639586418,,,7234533.831890509,0.3919179913831526,0.8389540930025257,8575.0,-1844.0,0.0,0.0,,,129881825.0,-26351300.0,,,8967448.327954905,-1732914.4960643956,0.3848396501457726,0.0070783412373799925,0.8452478134110787,-0.006293720408553027,Observed,Derived,P3/P6,Project2_CreditPortfolioMonitoring_GoldCandidate_v2_1_4,Origination-cohort outcome metrics use matured denominators,2018-02
2018-03,7151,0,7151,0.0,0,,NOT_MATURED_NOT_ASSESSABLE,108824875.0,0.18090236914665933,,,7478374.449652633,0.38218430988672913,0.8478534470703398,6731.0,420.0,0.0,0.0,,,103530525.0,5294350.0,,,7234533.831890509,243840.61776212323,0.3919179913831526,-0.009733681496423452,0.8389540930025257,0.00889935406781417,Observed,Derived,P3/P6,Project2_CreditPortfolioMonitoring_GoldCandidate_v2_1_4,Origination-cohort outcome metrics use matured denominators,2018-03
2018-04,6905,0,6905,0.0,0,,NOT_MATURED_NOT_ASSESSABLE,102446375.0,0.1825875109054949,,,7118708.408634047,0.38175235336712526,0.8433019551049964,7151.0,-246.0,0.0,0.0,,,108824875.0,-6378500.0,,,7478374.449652633,-359666.0410185857,0.38218430988672913,-0.00043195651960387105,0.8478534470703398,-0.004551491965343435,Observed,Derived,P3/P6,Project2_CreditPortfolioMonitoring_GoldCandidate_v2_1_4,Origination-cohort outcome metrics use matured denominators,2018-04
2018-05,6619,0,6619,0.0,0,,NOT_MATURED_NOT_ASSESSABLE,99216025.0,0.1820893627162659,,,6969685.8277624715,0.3906934582263182,0.8425744070101224,6905.0,-286.0,0.0,0.0,,,102446375.0,-3230350.0,,,7118708.408634047,-149022.5808715755,0.38175235336712526,0.008941104859192917,0.8433019551049964,-0.0007275480948739643,Observed,Derived,P3/P6,Project2_CreditPortfolioMonitoring_GoldCandidate_v2_1_4,Origination-cohort outcome metrics use matured denominators,2018-05
2018-06,4880,0,4880,0.0,0,,NOT_MATURED_NOT_ASSESSABLE,72570950.0,0.18010988147077922,,,4971378.957503018,0.3760245901639344,0.8549180327868853,6619.0,-1739.0,0.0,0.0,,,99216025.0,-26645075.0,,,6969685.8277624715,-1998306.8702594535,0.3906934582263182,-0.014668868062383766,0.8425744070101224,0.012343625776762845,Observed,Derived,P3/P6,Project2_CreditPortfolioMonitoring_GoldCandidate_v2_1_4,Origination-cohort outcome metrics use matured denominators,2018-06
2018-07,4307,0,4307,0.0,0,,NOT_MATURED_NOT_ASSESSABLE,63391725.0,0.18175927939369163,,,4402915.771269705,0.3828651033201765,0.8490828883213374,4880.0,-573.0,0.0,0.0,,,72570950.0,-9179225.0,,,4971378.957503018,-568463.1862333128,0.3760245901639344,0.006840513156242067,0.8549180327868853,-0.005835144465547892,Observed,Derived,P3/P6,Project2_CreditPortfolioMonitoring_GoldCandidate_v2_1_4,Origination-cohort outcome metrics use matured denominators,2018-07
2018-08,3554,0,3554,0.0,0,,NOT_MATURED_NOT_ASSESSABLE,50345125.0,0.17957323707046197,,,3435077.2920832327,0.3798536859876196,0.8458075407990996,4307.0,-753.0,0.0,0.0,,,63391725.0,-13046600.0,,,4402915.771269705,-967838.4791864725,0.3828651033201765,-0.003011417332556887,0.8490828883213374,-0.0032753475222377926,Observed,Derived,P3/P6,Project2_CreditPortfolioMonitoring_GoldCandidate_v2_1_4,Origination-cohort outcome metrics use matured denominators,2018-08
2018-09,2420,0,2420,0.0,0,,NOT_MATURED_NOT_ASSESSABLE,35216800.0,0.17808557066329886,,,2394593.448663673,0.35702479338842974,0.8537190082644628,3554.0,-1134.0,0.0,0.0,,,50345125.0,-15128325.0,,,3435077.2920832327,-1040483.8434195598,0.3798536859876196,-0.022828892599189854,0.8458075407990996,0.007911467465363198,Observed,Derived,P3/P6,Project2_CreditPortfolioMonitoring_GoldCandidate_v2_1_4,Origination-cohort outcome metrics use matured denominators,2018-09
2018-10,2146,0,2146,0.0,0,,NOT_MATURED_NOT_ASSESSABLE,30068325.0,0.17645006049743328,,,1999872.7097224207,0.34762348555452005,0.8727865796831314,2420.0,-274.0,0.0,0.0,,,35216800.0,-5148475.0,,,2394593.448663673,-394720.73894125223,0.35702479338842974,-0.009401307833909689,0.8537190082644628,0.01906757141866866,Observed,Derived,P3/P6,Project2_CreditPortfolioMonitoring_GoldCandidate_v2_1_4,Origination-cohort outcome metrics use matured denominators,2018-10
2018-11,1627,0,1627,0.0,0,,NOT_MATURED_NOT_ASSESSABLE,22500100.0,0.17448647842581527,,,1463766.6369436379,0.3269821757836509,0.8647818070067609,2146.0,-519.0,0.0,0.0,,,30068325.0,-7568225.0,,,1999872.7097224207,-536106.0727787828,0.34762348555452005,-0.020641309770869143,0.8727865796831314,-0.008004772676370564,Observed,Derived,P3/P6,Project2_CreditPortfolioMonitoring_GoldCandidate_v2_1_4,Origination-cohort outcome metrics use matured denominators,2018-11
2018-12,1245,0,1245,0.0,0,,NOT_MATURED_NOT_ASSESSABLE,17216400.0,0.17006107145410537,,,1081551.9146720266,0.3100401606425703,0.8835341365461847,1627.0,-382.0,0.0,0.0,,,22500100.0,-5283700.0,,,1463766.6369436379,-382214.7222716112,0.3269821757836509,-0.016942015141080624,0.8647818070067609,0.01875232953942385,Observed,Derived,P3/P6,Project2_CreditPortfolioMonitoring_GoldCandidate_v2_1_4,Origination-cohort outcome metrics use matured denominators,2018-12
